"","unique_id","electoral_cycle","lag_local_ur_percent","region_ur_percent","n_fraud","n_polling_station"
"1","0BvNG_3R74w_2","2011-2016",86.6666666666667,61.3636363636364,0,8
"2","0BvNG_bOYlj_2","2011-2016",87.5,61.3636363636364,0,19
"3","0BvNG_fhwmD_2","2011-2016",80,61.3636363636364,1,8
"4","0tPTP_cyS1u_2","2007-2011",0,71.875,0,15
"5","0tPTP_cyS1u_3","2016-2021",80.9523809523809,73.6842105263158,0,16
"6","0tPTP_ed9Ub_2","2016-2021",53.3333333333333,73.6842105263158,0,9
"7","0tPTP_FK9N5_2","2007-2011",0,75,0,16
"8","0tPTP_FK9N5_3","2011-2016",70,71.875,0,18
"9","0tPTP_fzWtw_2","2016-2021",90,73.6842105263158,0,13
"10","0tPTP_H6T3M_2","2007-2011",52.3809523809524,71.875,0,10
"11","0tPTP_H6T3M_3","2016-2021",76.1904761904762,73.6842105263158,0,10
"12","0tPTP_J3m9u_2","2007-2011",58.3333333333333,71.875,0,25
"13","0tPTP_J3m9u_3","2016-2021",45.8333333333333,73.6842105263158,0,27
"14","0tPTP_Po4Nk_2","2007-2011",30,71.875,0,20
"15","0tPTP_Po4Nk_3","2016-2021",45,73.6842105263158,0,20
"16","0tPTP_yEMhG_2","2011-2016",0,71.875,0,11
"17","0tPTP_yEMhG_3","2016-2021",93.3333333333333,73.6842105263158,0,11
"18","23f5M_2XK7z_2","2016-2021",40,64.4444444444444,0,10
"19","23f5M_3yLqx_2","2016-2021",40,64.4444444444444,1,21
"20","23f5M_7MWGw_2","2016-2021",60,64.4444444444444,0,23
"21","23f5M_9GIkm_2","2016-2021",60,64.4444444444444,0,12
"22","23f5M_CSIjf_2","2016-2021",55,64.4444444444444,0,27
"23","23f5M_iSTDi_2","2016-2021",46.6666666666667,64.4444444444444,0,14
"24","23f5M_kvFNc_2","2016-2021",80,64.4444444444444,0,6
"25","23f5M_L8ZpH_2","2016-2021",55,64.4444444444444,0,17
"26","23f5M_YsGZd_2","2016-2021",30,64.4444444444444,0,7
"27","23f5M_zVNHd_2","2016-2021",20,64.4444444444444,0,7
"28","4dMaH_4dMaH_2","2007-2011",0,55.8823529411765,0,17
"29","4dMaH_4dMaH_4","2016-2021",90,63.2352941176471,0,16
"30","4dMaH_6YGuu_3","2007-2011",50,55.8823529411765,0,22
"31","4dMaH_6YGuu_4","2011-2016",50,70.5882352941177,0,9
"32","4dMaH_6YGuu_5","2016-2021",56.25,63.2352941176471,0,6
"33","4dMaH_8wQnr_3","2016-2021",61.1111111111111,63.2352941176471,0,6
"34","6YGuu_23f5M_3","2016-2021",80,69.3548387096774,0,3
"35","6YGuu_f4NRy_2","2007-2011",0,62.9032258064516,0,19
"36","6YGuu_f4NRy_4","2016-2021",10,69.3548387096774,0,20
"37","6YGuu_m7vCB_2","2016-2021",60,69.3548387096774,0,4
"38","6YGuu_mNyVy_2","2016-2021",90,69.3548387096774,0,3
"39","6YGuu_nbSrv_2","2011-2016",61.5384615384615,62.9032258064516,0,15
"40","6YGuu_nbSrv_3","2016-2021",66.6666666666667,69.3548387096774,0,15
"41","6YGuu_NfwRf_2","2011-2016",0,62.9032258064516,0,9
"42","6YGuu_NfwRf_3","2016-2021",60,69.3548387096774,0,10
"43","6YGuu_nLaYY_2","2016-2021",40,69.3548387096774,0,15
"44","6YGuu_NMkqJ_2","2016-2021",66.6666666666667,69.3548387096774,0,7
"45","6YGuu_t5R4w_2","2007-2011",0,62.9032258064516,0,14
"46","6YGuu_t5R4w_4","2016-2021",28.5714285714286,69.3548387096774,0,14
"47","6YGuu_wTtMC_2","2016-2021",20,69.3548387096774,0,2
"48","8wQnr_GtIfj_2","2011-2016",80,47.2222222222222,0,7
"49","8wQnr_GtIfj_3","2016-2021",93.3333333333333,69.4444444444444,0,7
"50","8wQnr_iouKO_2","2007-2011",0,69.4444444444444,0,11
"51","8wQnr_iouKO_3","2011-2016",93.3333333333333,47.2222222222222,0,11
"52","8wQnr_iouKO_4","2016-2021",93.3333333333333,69.4444444444444,0,11
"53","8wQnr_P1Tjg_4","2016-2021",66.6666666666667,69.4444444444444,0,12
"54","8wQnr_P9yRo_2","2011-2016",40,47.2222222222222,0,8
"55","8wQnr_P9yRo_3","2011-2016",66.6666666666667,47.2222222222222,0,8
"56","8wQnr_PLUtB_2","2011-2016",0,47.2222222222222,0,2
"57","8wQnr_PLUtB_3","2016-2021",80,69.4444444444444,0,2
"58","8wQnr_PLUtB_4","2016-2021",10,69.4444444444444,0,2
"59","8wQnr_yTKKH_3","2011-2016",30,47.2222222222222,0,12
"60","8wQnr_yTKKH_4","2016-2021",30,69.4444444444444,0,12
"61","ac3iL_24MT1_2","2011-2016",60,86.8421052631579,0,8
"62","ac3iL_24MT1_3","2016-2021",80,75,0,8
"63","ac3iL_55EtO_2","2011-2016",83.3333333333333,86.8421052631579,8,55
"64","ac3iL_55EtO_3","2016-2021",70,75,3,55
"65","ac3iL_ApvQr_2","2011-2016",90,64.5833333333333,1,2
"66","ac3iL_ApvQr_3","2016-2021",85.7142857142857,86.8421052631579,0,2
"67","ac3iL_cWtzz_3","2011-2016",90,86.8421052631579,3,63
"68","ac3iL_cWtzz_4","2016-2021",90,75,5,62
"69","ac3iL_FNk73_3","2016-2021",100,86.8421052631579,2,17
"70","ac3iL_FNtS9_3","2016-2021",100,86.8421052631579,1,22
"71","ac3iL_iiUvn_3","2016-2021",80,86.8421052631579,2,15
"72","ac3iL_oRyHY_3","2011-2016",40,86.8421052631579,0,15
"73","ac3iL_oRyHY_4","2016-2021",93.3333333333333,86.8421052631579,2,15
"74","ac3iL_p7fkl_2","2011-2016",100,86.8421052631579,5,31
"75","ac3iL_p7fkl_3","2016-2021",70,75,2,30
"76","ac3iL_pZm9x_2","2011-2016",53.3333333333333,64.5833333333333,1,6
"77","ac3iL_pZm9x_3","2016-2021",90,86.8421052631579,1,6
"78","ac3iL_R565X_3","2016-2021",80,86.8421052631579,1,23
"79","ac3iL_rPCyZ_3","2016-2021",91.6666666666667,86.8421052631579,39,75
"80","ac3iL_tXhmR_4","2016-2021",80,86.8421052631579,0,15
"81","ac3iL_u0qkc_3","2016-2021",60,86.8421052631579,0,15
"82","ac3iL_viLcv_2","2011-2016",100,86.8421052631579,1,22
"83","ac3iL_viLcv_3","2016-2021",85,86.8421052631579,6,22
"84","ac3iL_vUdAN_3","2016-2021",70,86.8421052631579,0,20
"85","ac3iL_Yeb0e_2","2011-2016",70,86.8421052631579,0,4
"86","ac3iL_ZSfXI_2","2011-2016",70,64.5833333333333,1,5
"87","ac3iL_ZSfXI_3","2011-2016",90,86.8421052631579,0,5
"88","bVaRM_2Vdn8_2","2016-2021",13.3333333333333,72.8571428571428,1,5
"89","bVaRM_dyDDK_2","2016-2021",33.3333333333333,72.8571428571428,0,16
"90","bVaRM_i3GS2_2","2016-2021",52.9411764705882,72.8571428571428,0,6
"91","bVaRM_iUmec_2","2016-2021",21.0526315789474,72.8571428571428,0,7
"92","bVaRM_ktt2H_2","2016-2021",4.76190476190476,72.8571428571428,0,10
"93","bVaRM_rbTvJ_2","2016-2021",73.3333333333333,72.8571428571428,0,4
"94","bVaRM_TVhs3_2","2011-2016",53.3333333333333,72.8571428571428,0,6
"95","Cbh9n_cDodl_2","2007-2011",0,81.8181818181818,0,10
"96","Cbh9n_cDodl_3","2011-2016",85,81.8181818181818,0,10
"97","Cbh9n_duNwZ_3","2011-2016",84,81.8181818181818,10,41
"98","Cbh9n_qpLoY_2","2007-2011",16,75,0,39
"99","Cbh9n_qpLoY_4","2016-2021",72,81.8181818181818,1,38
"100","Cbh9n_sAQ5k_2","2016-2021",90,81.8181818181818,0,15
"101","Cbh9n_SfoxP_2","2007-2011",35.7142857142857,75,2,11
"102","Cbh9n_SfoxP_4","2016-2021",95,81.8181818181818,0,14
"103","Cbh9n_XisuH_2","2007-2011",40,81.8181818181818,0,9
"104","Cbh9n_XisuH_3","2011-2016",93.3333333333333,81.8181818181818,2,9
"105","Cbh9n_zO59n_4","2016-2021",93.3333333333333,81.8181818181818,0,16
"106","Cl9n7_4FpNc_2","2016-2021",100,77.5,0,13
"107","Cl9n7_4qFar_2","2016-2021",60,77.5,0,4
"108","Cl9n7_FIbgz_2","2016-2021",70,77.5,0,4
"109","Cl9n7_GcfJu_2","2016-2021",43.75,77.5,0,12
"110","Cl9n7_gMVb3_2","2011-2016",55,65,1,32
"111","Cl9n7_kkTGR_2","2016-2021",81.8181818181818,77.5,0,5
"112","Cl9n7_LWbGe_2","2016-2021",100,77.5,0,6
"113","Cl9n7_O4xkb_2","2016-2021",86.6666666666667,77.5,4,10
"114","Cl9n7_StZIM_2","2016-2021",6.66666666666667,77.5,0,9
"115","Cl9n7_tqAUg_2","2016-2021",90,77.5,0,2
"116","Cl9n7_yDf7v_2","2016-2021",46.6666666666667,77.5,0,18
"117","CnvfB_2IFeZ_2","2016-2021",70,66.6666666666667,0,19
"118","CnvfB_2lW9X_2","2016-2021",0,66.6666666666667,0,11
"119","CnvfB_8IkN5_2","2016-2021",40,66.6666666666667,0,3
"120","CnvfB_8Va3i_2","2016-2021",70,66.6666666666667,0,4
"121","CnvfB_AjCm4_2","2016-2021",26.6666666666667,66.6666666666667,0,11
"122","CnvfB_AjCm4_3","2016-2021",26.6666666666667,66.6666666666667,1,25
"123","CnvfB_Av351_2","2016-2021",15,66.6666666666667,0,50
"124","CnvfB_Z1U2L_3","2016-2021",20,66.6666666666667,0,14
"125","CnvfB_Z1U2L_4","2016-2021",81.25,66.6666666666667,0,34
"126","CnvfB_ZAMTP_2","2016-2021",70,66.6666666666667,0,13
"127","ELqiM_GsqYm_2","2016-2021",80,NA,0,3
"128","ELqiM_T1JHz_2","2016-2021",100,NA,1,4
"129","ELqiM_XMJgv_2","2016-2021",20,NA,0,4
"130","f4NRy_03PMg_2","2011-2016",56.25,84.6153846153846,0,8
"131","f4NRy_0vyxK_2","2011-2016",90,84.6153846153846,0,19
"132","f4NRy_9OoB2_2","2011-2016",37.5,84.6153846153846,0,7
"133","f4NRy_AQXit_2","2011-2016",62.5,84.6153846153846,0,5
"134","f4NRy_eBnKQ_2","2011-2016",66.6666666666667,84.6153846153846,0,7
"135","f4NRy_Gszwd_2","2011-2016",75,84.6153846153846,0,5
"136","f4NRy_HKCkb_2","2011-2016",93.75,84.6153846153846,1,9
"137","f4NRy_QqazS_2","2011-2016",75,84.6153846153846,0,3
"138","f4NRy_RonUq_2","2011-2016",100,84.6153846153846,2,12
"139","f4NRy_UrGFh_2","2011-2016",100,84.6153846153846,1,12
"140","f4NRy_Z6cUL_2","2011-2016",83.3333333333333,84.6153846153846,0,3
"141","FKMEK_fSyPM_3","2011-2016",54.1666666666667,84,0,20
"142","FKMEK_j4y5a_2","2007-2011",0,60.4166666666667,0,15
"143","FKMEK_j4y5a_3","2011-2016",60,84,6,15
"144","FKMEK_jBKY0_3","2011-2016",62.5,84,8,16
"145","FKMEK_jhcZS_2","2007-2011",0,60.4166666666667,0,19
"146","FKMEK_jhcZS_3","2011-2016",60,84,7,19
"147","FKMEK_mGlZM_3","2011-2016",75,84,7,12
"148","FKMEK_WGEhb_2","2011-2016",80,84,4,11
"149","GtIfj_ac3iL_2","2011-2016",90.9090909090909,61.7647058823529,2,4
"150","GtIfj_bVaRM_3","2016-2021",55,72.7272727272727,0,22
"151","GtIfj_Cl9n7_2","2011-2016",58.3333333333333,61.7647058823529,0,9
"152","GtIfj_Cl9n7_3","2016-2021",50,72.7272727272727,0,9
"153","GtIfj_FKMEK_2","2011-2016",80,61.7647058823529,0,6
"154","GtIfj_FKMEK_3","2016-2021",60,72.7272727272727,0,6
"155","GtIfj_HbsqH_2","2011-2016",66.6666666666667,61.7647058823529,0,9
"156","GtIfj_HbsqH_3","2016-2021",86.6666666666667,72.7272727272727,0,9
"157","GtIfj_iXB5x_2","2011-2016",73.3333333333333,61.7647058823529,0,7
"158","GtIfj_iXB5x_3","2016-2021",66.6666666666667,72.7272727272727,0,7
"159","GtIfj_joZK4_2","2011-2016",60,61.7647058823529,0,6
"160","GtIfj_joZK4_3","2016-2021",66.6666666666667,72.7272727272727,0,6
"161","GtIfj_kEIIT_2","2011-2016",72.2222222222222,61.7647058823529,0,9
"162","GtIfj_kEIIT_3","2016-2021",61.1111111111111,72.7272727272727,2,9
"163","GtIfj_LZpob_2","2011-2016",80,61.7647058823529,0,7
"164","GtIfj_LZpob_3","2016-2021",90,72.7272727272727,1,7
"165","GtIfj_O75mz_2","2011-2016",52.1739130434783,61.7647058823529,0,16
"166","GtIfj_O75mz_3","2016-2021",47.8260869565217,72.7272727272727,0,16
"167","GtIfj_qteOA_2","2011-2016",61.5384615384615,61.7647058823529,0,5
"168","GtIfj_RE0hJ_2","2011-2016",70,61.7647058823529,0,3
"169","GtIfj_RE0hJ_3","2016-2021",90,72.7272727272727,1,3
"170","GtIfj_sSkpN_2","2011-2016",40,61.7647058823529,0,7
"171","GtIfj_sSkpN_3","2016-2021",46.6666666666667,72.7272727272727,1,7
"172","gUt4x_kXwXb_2","2016-2021",70,86.6666666666667,0,21
"173","gUt4x_M9tn3_2","2016-2021",73.3333333333333,86.6666666666667,0,9
"174","gUt4x_VjuG2_2","2011-2016",80,86.6666666666667,0,9
"175","HbsqH_1wFpN_2","2011-2016",58.3333333333333,69.4444444444444,0,4
"176","HbsqH_1wFpN_3","2016-2021",41.6666666666667,88.8888888888889,0,4
"177","HbsqH_6mt41_2","2011-2016",53.3333333333333,69.4444444444444,0,9
"178","HbsqH_6mt41_3","2016-2021",80,88.8888888888889,1,10
"179","HbsqH_fwjkj_2","2011-2016",80,69.4444444444444,1,13
"180","HbsqH_fwjkj_3","2016-2021",66.6666666666667,88.8888888888889,11,13
"181","HbsqH_hL4Fx_2","2011-2016",71.4285714285714,69.4444444444444,0,7
"182","HbsqH_hL4Fx_3","2016-2021",66.6666666666667,88.8888888888889,0,7
"183","HbsqH_LgKCq_2","2011-2016",46.6666666666667,69.4444444444444,0,9
"184","HbsqH_LgKCq_3","2016-2021",66.6666666666667,88.8888888888889,0,9
"185","HbsqH_nQpTA_2","2011-2016",60,69.4444444444444,0,7
"186","HbsqH_nQpTA_3","2016-2021",80,88.8888888888889,0,7
"187","HbsqH_OadM4_2","2011-2016",50,69.4444444444444,0,4
"188","HbsqH_OadM4_3","2016-2021",80,88.8888888888889,0,4
"189","iouKO_ELqiM_2","2011-2016",66.6666666666667,71.9298245614035,0,10
"190","iouKO_ELqiM_3","2016-2021",80,62.0689655172414,0,10
"191","iouKO_RVGSu_2","2011-2016",60,71.9298245614035,0,11
"192","iouKO_RVGSu_3","2016-2021",86.6666666666667,62.0689655172414,0,11
"193","iouKO_ws1Xz_2","2011-2016",53.3333333333333,71.9298245614035,0,3
"194","iouKO_ws1Xz_3","2016-2021",83.3333333333333,62.0689655172414,0,5
"195","iXB5x_7BTKY_2","2011-2016",50,75,0,6
"196","iXB5x_bkQe2_2","2011-2016",50,75,0,3
"197","iXB5x_G39eJ_2","2011-2016",83.3333333333333,75,0,7
"198","iXB5x_goEn2_2","2011-2016",50,75,0,2
"199","iXB5x_goEn2_3","2016-2021",80,54.1666666666667,0,2
"200","iXB5x_jRnZw_2","2011-2016",13.3333333333333,75,0,7
"201","iXB5x_JzgGV_2","2011-2016",50,75,0,24
"202","iXB5x_kEbdO_2","2011-2016",76.9230769230769,75,0,3
"203","iXB5x_M1Kox_2","2011-2016",86.6666666666667,75,0,12
"204","iXB5x_PjmKY_2","2011-2016",69.2307692307692,75,0,4
"205","iXB5x_qHWPv_2","2016-2021",35,75,0,28
"206","iXB5x_rdpML_2","2016-2021",60,75,0,23
"207","iXB5x_spv2R_2","2016-2021",40,75,0,25
"208","iXB5x_Uw1vC_2","2011-2016",85.7142857142857,75,0,5
"209","jaQ6z_59ge2_2","2011-2016",33.3333333333333,61.1111111111111,0,7
"210","jaQ6z_5btZ4_3","2011-2016",40,61.1111111111111,0,2
"211","jaQ6z_5btZ4_4","2016-2021",0,78.125,0,2
"212","jaQ6z_gMRRE_2","2007-2011",0,59.375,0,5
"213","jaQ6z_gMRRE_3","2011-2016",46.6666666666667,61.1111111111111,0,5
"214","jaQ6z_gMRRE_4","2016-2021",66.6666666666667,78.125,0,5
"215","jaQ6z_Ihb92_3","2011-2016",55,61.1111111111111,0,29
"216","jaQ6z_R1yml_2","2007-2011",0,59.375,0,24
"217","jaQ6z_R1yml_3","2011-2016",55,61.1111111111111,2,25
"218","jaQ6z_R1yml_4","2016-2021",65,78.125,1,25
"219","jaQ6z_seqi1_2","2007-2011",0,59.375,0,139
"220","jaQ6z_seqi1_3","2011-2016",56.6666666666667,61.1111111111111,8,136
"221","jaQ6z_seqi1_4","2016-2021",90.9090909090909,78.125,1,138
"222","joZK4_91QEq_2","2016-2021",88.2352941176471,48,0,8
"223","JzN0K_rjL0b_2","2011-2016",35,80,0,20
"224","JzN0K_rjL0b_3","2016-2021",66.6666666666667,64,0,50
"225","JzN0K_TdVUh_3","2016-2021",90,80,0,21
"226","kEIIT_td2i4_2","2011-2016",54.5454545454545,83.3333333333333,0,2
"227","kEIIT_td2i4_3","2016-2021",50,95.5555555555556,0,2
"228","LXpD9_UoIrD_2","2011-2016",80,58.3333333333333,0,4
"229","LXpD9_UoIrD_3","2016-2021",0,66.6666666666667,0,4
"230","LXpD9_UOzUA_3","2016-2021",40,66.6666666666667,0,5
"231","LXpD9_YBMOU_2","2011-2016",86.6666666666667,58.3333333333333,0,5
"232","LXpD9_YBMOU_3","2016-2021",86.6666666666667,66.6666666666667,0,5
"233","LZpob_3X0YU_2","2011-2016",70,64.2857142857143,0,5
"234","LZpob_bDe0S_2","2016-2021",46.6666666666667,73.8095238095238,0,18
"235","LZpob_gBxLE_2","2007-2011",0,64.2857142857143,0,12
"236","LZpob_gBxLE_3","2011-2016",80,64.2857142857143,0,12
"237","LZpob_KNf24_2","2016-2021",80,73.8095238095238,1,29
"238","m7vCB_3JtuL_2","2007-2011",0,NA,0,3
"239","m7vCB_3JtuL_3","2011-2016",72.7272727272727,NA,0,3
"240","m7vCB_3JtuL_4","2016-2021",81.8181818181818,NA,0,3
"241","m7vCB_Ga8CH_2","2011-2016",80,NA,0,11
"242","m7vCB_ZxHUt_2","2011-2016",80,NA,0,2
"243","M7YCH_3r2uT_2","2011-2016",76,58,39,78
"244","M7YCH_3r2uT_3","2016-2021",92,76,59,136
"245","M7YCH_7hugI_2","2011-2016",86.6666666666667,58,0,9
"246","M7YCH_7hugI_3","2016-2021",53.3333333333333,76,0,9
"247","M7YCH_dkOb7_2","2007-2011",0,66,0,8
"248","M7YCH_dkOb7_3","2011-2016",26.6666666666667,58,0,9
"249","M7YCH_dkOb7_4","2016-2021",13.3333333333333,76,0,9
"250","M7YCH_fROGx_2","2007-2011",15,66,0,18
"251","M7YCH_fROGx_3","2011-2016",55,58,0,25
"252","M7YCH_j5MXs_3","2011-2016",84,58,39,91
"253","M7YCH_j5MXs_4","2011-2016",64,58,103,149
"254","M7YCH_jHb7l_2","2007-2011",85.7142857142857,66,1,8
"255","M7YCH_jHb7l_3","2011-2016",100,58,1,8
"256","M7YCH_jHb7l_4","2011-2016",13.3333333333333,58,0,8
"257","M7YCH_PGDee_2","2011-2016",0,58,0,13
"258","M7YCH_PGDee_3","2016-2021",13.3333333333333,76,0,13
"259","M7YCH_Qufxz_2","2007-2011",0,66,0,12
"260","M7YCH_Qufxz_3","2011-2016",25,58,0,12
"261","M7YCH_Qufxz_4","2016-2021",50,76,0,20
"262","M7YCH_shlkp_3","2011-2016",100,58,2,10
"263","M7YCH_shlkp_4","2016-2021",95,76,1,13
"264","M7YCH_vG8jS_2","2007-2011",0,66,0,17
"265","M7YCH_vG8jS_3","2011-2016",55,58,0,20
"266","M7YCH_Wvmv5_4","2016-2021",85,76,24,46
"267","M7YCH_wzoCU_2","2011-2016",28,58,0,69
"268","mNyVy_3dJ5Z_2","2007-2011",50,72.2222222222222,0,5
"269","mNyVy_3dJ5Z_3","2011-2016",50,77.7777777777778,0,4
"270","mNyVy_5Kxuc_2","2016-2021",75,77.7777777777778,0,4
"271","mNyVy_5Kxuc_3","2016-2021",100,77.7777777777778,2,5
"272","mNyVy_8VZdz_4","2016-2021",60,77.7777777777778,0,27
"273","mNyVy_BlIdU_2","2016-2021",25,77.7777777777778,0,10
"274","mNyVy_o8HLY_2","2007-2011",0,72.2222222222222,0,5
"275","mNyVy_o8HLY_3","2011-2016",26.6666666666667,77.7777777777778,0,5
"276","mNyVy_TzmcT_2","2007-2011",43.75,72.2222222222222,0,12
"277","mNyVy_TzmcT_3","2011-2016",68.75,77.7777777777778,0,12
"278","mNyVy_uuT2p_2","2011-2016",40,77.7777777777778,0,6
"279","mNyVy_vUcVV_2","2016-2021",70,77.7777777777778,0,3
"280","mNyVy_wLYtB_2","2007-2011",15,72.2222222222222,0,17
"281","mNyVy_wLYtB_3","2011-2016",45,77.7777777777778,0,8
"282","mNyVy_zwJ2W_2","2016-2021",83.3333333333333,77.7777777777778,0,2
"283","mNyVy_zwJ2W_3","2016-2021",60,77.7777777777778,0,2
"284","nbSrv_28Zyi_2","2011-2016",73.3333333333333,77.5,0,6
"285","nbSrv_4h3yE_2","2011-2016",80,77.5,0,3
"286","nbSrv_4wC0I_2","2011-2016",52.3809523809524,77.5,0,13
"287","nbSrv_9ePRI_2","2011-2016",70,77.5,0,19
"288","nbSrv_aqm90_2","2011-2016",60,77.5,0,5
"289","nbSrv_AzDS5_2","2011-2016",25,55,0,6
"290","nbSrv_AzDS5_3","2016-2021",75,77.5,0,6
"291","nbSrv_CAJFE_2","2011-2016",80,77.5,0,6
"292","nbSrv_e5yKF_2","2011-2016",90,77.5,0,7
"293","nbSrv_Ji2II_2","2011-2016",35,77.5,0,14
"294","nbSrv_jRt23_2","2011-2016",90,77.5,0,3
"295","nbSrv_Kxng6_2","2011-2016",80,77.5,0,5
"296","nbSrv_oCba7_2","2011-2016",77.7777777777778,77.5,0,2
"297","nbSrv_oXfHu_2","2011-2016",66.6666666666667,77.5,0,5
"298","nbSrv_sRrRM_2","2011-2016",43.75,77.5,0,10
"299","nbSrv_SzNbO_2","2011-2016",80,77.5,0,2
"300","nbSrv_tT5te_2","2011-2016",60,77.5,0,3
"301","nbSrv_tv4Ov_2","2011-2016",46.1538461538462,55,0,9
"302","nbSrv_tv4Ov_3","2016-2021",62.5,77.5,0,9
"303","nbSrv_uuoY7_2","2011-2016",66.6666666666667,77.5,0,8
"304","nbSrv_Y2qKY_2","2011-2016",60,77.5,0,5
"305","NfwRf_L6XeZ_2","2011-2016",100,95.3488372093023,0,8
"306","NMkqJ_7m1zb_2","2016-2021",64.2857142857143,68.5185185185185,1,7
"307","NMkqJ_aLTmh_2","2007-2011",NA,50.9433962264151,0,18
"308","NMkqJ_aLTmh_3","2016-2021",15,68.5185185185185,0,18
"309","NMkqJ_FUJRe_2","2016-2021",53.8461538461538,68.5185185185185,0,5
"310","NMkqJ_gVAWQ_2","2011-2016",73.3333333333333,50.9433962264151,0,11
"311","NMkqJ_gVAWQ_3","2016-2021",66.6666666666667,68.5185185185185,0,11
"312","NMkqJ_HDzSV_2","2016-2021",80,68.5185185185185,1,11
"313","NMkqJ_ihvSf_2","2016-2021",86.6666666666667,68.5185185185185,0,7
"314","NMkqJ_jDafq_2","2016-2021",66.6666666666667,68.5185185185185,0,6
"315","NMkqJ_lczXn_2","2016-2021",100,68.5185185185185,0,9
"316","NMkqJ_mE2U3_2","2016-2021",33.3333333333333,68.5185185185185,0,9
"317","NMkqJ_VWYTL_2","2016-2021",77.7777777777778,68.5185185185185,2,12
"318","NMkqJ_WsVUB_2","2007-2011",25,50.9433962264151,0,13
"319","NMkqJ_WsVUB_3","2016-2021",25,68.5185185185185,0,11
"320","NMkqJ_Yeb0e_2","2016-2021",12.5,68.5185185185185,0,8
"321","o5CxP_609pg_2","2011-2016",93.3333333333333,57.6923076923077,0,9
"322","o5CxP_lBhwm_2","2011-2016",70,57.6923076923077,0,4
"323","o5CxP_v9Fwx_2","2011-2016",92.8571428571429,57.6923076923077,0,10
"324","o5CxP_Y6OZh_2","2011-2016",75,57.6923076923077,0,33
"325","o5CxP_yI1uF_2","2011-2016",70,57.6923076923077,2,21
"326","o5CxP_yI1uF_3","2016-2021",85,65.625,0,21
"327","o5CxP_YjHpk_2","2011-2016",93.3333333333333,57.6923076923077,0,9
"328","o5CxP_YjHpk_3","2016-2021",86.6666666666667,65.625,0,8
"329","o5CxP_ymVYT_2","2011-2016",53.3333333333333,57.6923076923077,0,8
"330","o5CxP_yPs5I_2","2011-2016",86.6666666666667,57.6923076923077,0,11
"331","o5CxP_YxcgD_2","2011-2016",86.6666666666667,57.6923076923077,0,8
"332","O75mz_AbOPF_2","2016-2021",45,76.6666666666667,0,23
"333","O75mz_JeAER_2","2016-2021",75,86.6666666666667,0,20
"334","O75mz_kSpy6_2","2016-2021",90,86.6666666666667,7,21
"335","O75mz_MNjku_2","2016-2021",60,86.6666666666667,0,9
"336","O75mz_sYrHW_2","2016-2021",100,86.6666666666667,0,15
"337","O75mz_Twtfe_2","2016-2021",95,86.6666666666667,1,15
"338","O75mz_uMtzF_2","2016-2021",40,86.6666666666667,0,23
"339","O7X31_M9J5s_3","2011-2016",14.2857142857143,68.1818181818182,0,11
"340","O7X31_M9J5s_4","2016-2021",20,60.6060606060606,0,11
"341","P9yRo_0BvNG_2","2016-2021",80,84.2105263157895,0,11
"342","P9yRo_CnvfB_2","2011-2016",20,84.2105263157895,0,10
"343","P9yRo_CnvfB_3","2016-2021",73.3333333333333,73.6842105263158,0,10
"344","P9yRo_gUt4x_2","2011-2016",46.6666666666667,71.0526315789474,0,3
"345","P9yRo_gUt4x_3","2016-2021",60,84.2105263157895,0,9
"346","P9yRo_o5CxP_2","2011-2016",6.66666666666667,84.2105263157895,0,12
"347","P9yRo_o5CxP_3","2016-2021",66.6666666666667,73.6842105263158,0,11
"348","P9yRo_O7X31_2","2011-2016",60,84.2105263157895,0,12
"349","P9yRo_O7X31_3","2016-2021",33.3333333333333,73.6842105263158,0,12
"350","P9yRo_szIQa_2","2011-2016",25,84.2105263157895,0,8
"351","P9yRo_szIQa_3","2016-2021",81.25,73.6842105263158,0,8
"352","P9yRo_TIYRW_2","2011-2016",66.6666666666667,84.2105263157895,0,9
"353","P9yRo_V0lMx_2","2011-2016",80.9523809523809,84.2105263157895,0,7
"354","P9yRo_WcvIg_2","2016-2021",66.6666666666667,73.6842105263158,1,9
"355","P9yRo_WX2UA_2","2016-2021",86.6666666666667,73.6842105263158,1,5
"356","P9yRo_Y0psJ_2","2011-2016",60,84.2105263157895,0,4
"357","P9yRo_Y0psJ_3","2016-2021",40,84.2105263157895,0,4
"358","P9yRo_ZOK8T_2","2011-2016",46.6666666666667,84.2105263157895,0,12
"359","P9yRo_ZOK8T_3","2016-2021",60,73.6842105263158,0,12
"360","PLUtB_0tPTP_2","2016-2021",73.0769230769231,91.0714285714286,8,14
"361","PLUtB_4x00v_2","2007-2011",0,85.7142857142857,0,12
"362","PLUtB_4x00v_3","2011-2016",12.5,91.0714285714286,5,12
"363","PLUtB_9fdI8_2","2016-2021",0,91.0714285714286,1,16
"364","PLUtB_AOo4L_2","2016-2021",33.3333333333333,91.0714285714286,1,16
"365","PLUtB_Cbh9n_2","2011-2016",40,91.0714285714286,1,14
"366","PLUtB_h3gZJ_2","2011-2016",70.5882352941177,91.0714285714286,4,13
"367","PLUtB_JzN0K_2","2011-2016",60,91.0714285714286,2,14
"368","PLUtB_LXpD9_2","2011-2016",80,91.0714285714286,0,11
"369","PLUtB_WOCua_2","2011-2016",52.3809523809524,91.0714285714286,9,37
"370","PLUtB_WPJ4i_2","2016-2021",46.6666666666667,91.0714285714286,0,10
"371","qteOA_6bJw9_2","2011-2016",46.6666666666667,74.4444444444444,0,8
"372","qteOA_6bJw9_3","2016-2021",60,78.3333333333333,0,9
"373","RE0hJ_77wpE_2","2011-2016",93.3333333333333,86.1111111111111,0,15
"374","RE0hJ_77wpE_3","2016-2021",73.3333333333333,50,0,15
"375","RE0hJ_dj72A_2","2016-2021",100,86.1111111111111,0,8
"376","RE0hJ_dj72A_3","2016-2021",66.6666666666667,50,0,8
"377","RE0hJ_GVPzD_3","2016-2021",93.3333333333333,86.1111111111111,1,13
"378","RVGSu_5oDPm_2","2011-2016",86.6666666666667,64.7058823529412,0,11
"379","RVGSu_5oDPm_3","2016-2021",73.3333333333333,82.3529411764706,0,9
"380","RVGSu_7pQJV_2","2011-2016",68.75,64.7058823529412,0,8
"381","RVGSu_7pQJV_3","2016-2021",87.5,82.3529411764706,0,8
"382","RVGSu_a5de9_2","2011-2016",70,64.7058823529412,0,8
"383","RVGSu_a5de9_3","2016-2021",70,82.3529411764706,0,7
"384","RVGSu_DUCBm_2","2011-2016",66.6666666666667,64.7058823529412,0,10
"385","RVGSu_DUCBm_3","2016-2021",73.3333333333333,82.3529411764706,0,10
"386","RVGSu_XctH5_2","2011-2016",93.75,64.7058823529412,0,12
"387","RVGSu_XctH5_3","2016-2021",68.75,82.3529411764706,0,12
"388","RVGSu_YVgr8_2","2011-2016",80,64.7058823529412,0,9
"389","RVGSu_YVgr8_3","2016-2021",86.6666666666667,82.3529411764706,0,7
"390","sSkpN_0DKx3_3","2011-2016",65,58,0,19
"391","sSkpN_0DKx3_4","2016-2021",80,70,0,17
"392","sSkpN_22OsP_3","2016-2021",40,70,0,20
"393","sSkpN_2Jo6m_3","2011-2016",65,58,1,13
"394","sSkpN_2Jo6m_4","2016-2021",21.0526315789474,70,0,13
"395","sSkpN_47C0i_3","2011-2016",80,58,0,18
"396","sSkpN_47C0i_4","2016-2021",46.6666666666667,70,1,18
"397","sSkpN_6e3QU_2","2011-2016",66.6666666666667,58,1,23
"398","sSkpN_6e3QU_3","2016-2021",73.3333333333333,70,4,22
"399","sSkpN_8G8AW_2","2011-2016",58.3333333333333,58,0,24
"400","sSkpN_8G8AW_3","2016-2021",77.7777777777778,70,1,24
"401","sSkpN_9uRPg_2","2011-2016",46.6666666666667,58,0,9
"402","sSkpN_9uRPg_3","2016-2021",80,70,0,9
"403","sSkpN_AgnPF_2","2011-2016",45,58,0,31
"404","sSkpN_AgnPF_3","2016-2021",80,70,0,31
"405","sSkpN_BNQLw_3","2011-2016",66.6666666666667,58,0,17
"406","sSkpN_BNQLw_4","2016-2021",33.3333333333333,70,0,17
"407","sSkpN_Bxz21_3","2011-2016",10,58,0,14
"408","sSkpN_Bxz21_4","2016-2021",10,70,0,14
"409","sSkpN_CiRVd_2","2007-2011",0,88.5714285714286,0,35
"410","sSkpN_CiRVd_3","2011-2016",80,58,11,35
"411","sSkpN_CiRVd_4","2016-2021",80,70,6,35
"412","sSkpN_CUNo0_3","2016-2021",80,70,0,25
"413","sSkpN_eT0Wi_2","2011-2016",56.25,58,0,6
"414","sSkpN_eT0Wi_3","2016-2021",62.5,70,0,6
"415","sSkpN_exkju_3","2011-2016",25,58,0,7
"416","sSkpN_exkju_4","2016-2021",25,70,0,7
"417","sSkpN_Fds1I_3","2011-2016",73.3333333333333,58,0,9
"418","sSkpN_Fds1I_4","2016-2021",40,70,0,12
"419","sSkpN_HGp4p_3","2016-2021",41.6666666666667,70,0,51
"420","sSkpN_iAZUl_2","2007-2011",12.5,77.1428571428572,0,20
"421","sSkpN_iAZUl_3","2011-2016",43.75,58,3,20
"422","sSkpN_iAZUl_4","2016-2021",75,70,0,19
"423","sSkpN_jI2yi_2","2011-2016",20,58,0,9
"424","sSkpN_jI2yi_3","2016-2021",66.6666666666667,70,0,9
"425","sSkpN_kheCC_2","2011-2016",20,58,0,9
"426","sSkpN_kheCC_3","2016-2021",40,70,0,9
"427","sSkpN_nDaw5_3","2011-2016",60,58,1,33
"428","sSkpN_nDaw5_4","2011-2016",40,58,4,35
"429","sSkpN_NqmSy_3","2011-2016",28,58,0,57
"430","sSkpN_NqmSy_4","2016-2021",16.6666666666667,70,0,55
"431","sSkpN_ns823_2","2011-2016",60,58,0,34
"432","sSkpN_ns823_3","2016-2021",50,70,0,34
"433","sSkpN_o2wUS_2","2007-2011",40,55.8823529411765,0,5
"434","sSkpN_o2wUS_3","2011-2016",40,58,0,5
"435","sSkpN_o2wUS_4","2016-2021",46.6666666666667,70,0,5
"436","sSkpN_OUYck_3","2016-2021",70,70,0,41
"437","sSkpN_pWEjG_3","2011-2016",80,58,17,36
"438","sSkpN_pWEjG_4","2016-2021",100,70,0,36
"439","sSkpN_rocsT_2","2011-2016",50,58,0,19
"440","sSkpN_rocsT_3","2016-2021",72.2222222222222,70,0,19
"441","sSkpN_ry3j9_2","2011-2016",47.3684210526316,58,0,30
"442","sSkpN_ry3j9_3","2016-2021",80,70,0,30
"443","sSkpN_UaWg8_2","2011-2016",30,58,0,29
"444","sSkpN_UaWg8_3","2016-2021",80,70,0,28
"445","sSkpN_vVGVJ_3","2011-2016",20,58,0,7
"446","sSkpN_vVGVJ_4","2016-2021",26.6666666666667,70,0,7
"447","sSkpN_Wau7V_3","2011-2016",40,58,0,29
"448","sSkpN_Wau7V_4","2016-2021",90,70,0,28
"449","sSkpN_WnBt2_2","2011-2016",70,58,0,35
"450","sSkpN_WnBt2_3","2016-2021",75,70,0,35
"451","sSkpN_z0LrI_3","2011-2016",73.3333333333333,58,0,38
"452","sSkpN_z0LrI_4","2016-2021",53.3333333333333,70,0,37
"453","sSkpN_zNpEm_3","2011-2016",100,58,1,17
"454","sSkpN_zNpEm_4","2016-2021",86.6666666666667,70,4,17
"455","szIQa_6QSHh_2","2007-2011",23.8095238095238,63.8297872340426,1,41
"456","szIQa_6QSHh_3","2011-2016",71.4285714285714,68.0851063829787,0,42
"457","szIQa_6xm9g_2","2011-2016",46.6666666666667,68.0851063829787,6,54
"458","szIQa_cd0ul_2","2011-2016",62.5,68.0851063829787,2,51
"459","szIQa_lYvwZ_3","2011-2016",23.8095238095238,68.0851063829787,10,48
"460","t5R4w_BnElC_2","2011-2016",6.66666666666667,66,0,14
"461","t5R4w_BnElC_3","2016-2021",66.6666666666667,72,0,14
"462","t5R4w_CP7Na_2","2016-2021",33.3333333333333,72,0,7
"463","t5R4w_ImO4g_2","2016-2021",75,72,0,15
"464","t5R4w_MBZ9t_2","2011-2016",80,72,0,8
"465","t5R4w_MBZ9t_3","2016-2021",73.3333333333333,42,0,8
"466","t5R4w_pRjHz_2","2011-2016",46.6666666666667,72,0,5
"467","t5R4w_pRjHz_3","2016-2021",60,42,0,5
"468","t5R4w_WG7d0_2","2011-2016",70,72,0,8
"469","t5R4w_WG7d0_3","2016-2021",80,42,0,8
"470","t5R4w_yETKB_2","2011-2016",60,72,0,8
"471","TIYRW_diiQ4_2","2011-2016",12.5,75.9259259259259,0,6
"472","TIYRW_diiQ4_3","2016-2021",50,78,0,6
"473","V0lMx_Z0rP6_2","2011-2016",72.2222222222222,67.1052631578947,0,7
"474","VQDPF_cNxCj_2","2011-2016",52.6315789473684,62.5,1,7
"475","VQDPF_JtE6m_2","2011-2016",60,62.5,6,7
"476","WcvIg_55eEq_2","2011-2016",40,59.0909090909091,0,7
"477","WcvIg_Aaaif_2","2011-2016",80,59.0909090909091,0,2
"478","WcvIg_fTCsz_2","2011-2016",90,59.0909090909091,0,4
"479","WcvIg_Fyx6l_2","2011-2016",68.75,59.0909090909091,0,6
"480","WcvIg_RPJXy_2","2011-2016",20,59.0909090909091,0,5
"481","WcvIg_u8JwB_2","2011-2016",66.6666666666667,59.0909090909091,0,10
"482","WOCua_j46o0_2","2011-2016",45,69.2307692307692,0,11
"483","WOCua_j46o0_3","2016-2021",47.3684210526316,83.3333333333333,0,10
"484","WOCua_WZGML_2","2011-2016",73.3333333333333,69.2307692307692,0,12
"485","WOCua_WZGML_3","2016-2021",66.6666666666667,83.3333333333333,0,11
"486","ws1Xz_3IXzc_2","2011-2016",75,62,2,15
"487","ws1Xz_3IXzc_3","2016-2021",80,80,1,15
"488","ws1Xz_BZi1n_2","2011-2016",65,62,0,17
"489","ws1Xz_BZi1n_3","2016-2021",90,80,0,17
"490","ws1Xz_dfXVw_2","2011-2016",33.3333333333333,62,0,12
"491","ws1Xz_dfXVw_3","2016-2021",86.6666666666667,80,0,12
"492","ws1Xz_f1hux_2","2011-2016",90,62,0,5
"493","ws1Xz_f1hux_3","2016-2021",20,80,0,5
"494","ws1Xz_ibiO2_2","2011-2016",75,62,0,8
"495","ws1Xz_ibiO2_3","2016-2021",87.5,80,0,8
"496","ws1Xz_iFNZG_2","2011-2016",75.7575757575758,62,1,25
"497","ws1Xz_iFNZG_3","2016-2021",96.969696969697,80,0,25
"498","ws1Xz_NVn04_2","2011-2016",20,62,0,7
"499","ws1Xz_NVn04_3","2016-2021",33.3333333333333,80,0,7
"500","ws1Xz_O5lOr_2","2011-2016",80,62,0,7
"501","ws1Xz_O5lOr_3","2016-2021",86.6666666666667,80,0,5
"502","ws1Xz_oMwya_2","2016-2021",95,80,0,20
"503","ws1Xz_OQv4A_2","2011-2016",80,62,0,12
"504","ws1Xz_OQv4A_3","2016-2021",80,80,0,12
"505","ws1Xz_PL71w_2","2011-2016",72.2222222222222,62,1,9
"506","ws1Xz_PL71w_3","2016-2021",88.8888888888889,80,0,9
"507","ws1Xz_Sypvz_2","2011-2016",68.75,62,0,2
"508","ws1Xz_Sypvz_3","2016-2021",100,80,0,5
"509","ws1Xz_V6alB_2","2011-2016",25,62,0,8
"510","ws1Xz_V6alB_3","2016-2021",56.25,80,0,8
"511","ws1Xz_WBlD8_2","2011-2016",40,62,1,4
"512","ws1Xz_WBlD8_3","2016-2021",100,80,3,18
"513","ws1Xz_ZE3pu_2","2011-2016",65,62,0,22
"514","ws1Xz_ZE3pu_3","2016-2021",90,80,1,22
"515","wTtMC_1GNkk_2","2016-2021",75,85.7142857142857,3,28
"516","wTtMC_1rYER_2","2011-2016",65.7142857142857,95,9,23
"517","wTtMC_1rYER_3","2016-2021",77.1428571428572,85.7142857142857,13,25
"518","wTtMC_1uuqi_2","2011-2016",91.1764705882353,95,5,26
"519","wTtMC_1uuqi_3","2016-2021",82.3529411764706,85.7142857142857,4,28
"520","wTtMC_21O8B_2","2011-2016",73.3333333333333,95,0,17
"521","wTtMC_21O8B_3","2016-2021",60,85.7142857142857,0,17
"522","wTtMC_6vIkm_2","2011-2016",65.7142857142857,95,2,19
"523","wTtMC_6vIkm_3","2016-2021",71.4285714285714,85.7142857142857,7,19
"524","wTtMC_79abi_2","2007-2011",0,87.1428571428571,1,35
"525","wTtMC_79abi_3","2011-2016",90,95,2,36
"526","wTtMC_7ueyq_3","2011-2016",75.7575757575758,95,2,18
"527","wTtMC_7ueyq_4","2016-2021",78.7878787878788,85.7142857142857,1,18
"528","wTtMC_9G5Ns_3","2011-2016",73.3333333333333,95,12,19
"529","wTtMC_9G5Ns_4","2016-2021",100,85.7142857142857,6,19
"530","wTtMC_bKE0n_2","2011-2016",88.5714285714286,95,3,22
"531","wTtMC_bKE0n_3","2016-2021",74.2857142857143,85.7142857142857,0,22
"532","wTtMC_hwf4k_2","2016-2021",85,85.7142857142857,18,32
"533","wTtMC_J4ftN_2","2007-2011",64.7058823529412,87.1428571428571,5,37
"534","wTtMC_J4ftN_4","2016-2021",100,85.7142857142857,11,35
"535","wTtMC_KaUKv_2","2007-2011",41.6666666666667,87.1428571428571,48,209
"536","wTtMC_KaUKv_3","2011-2016",90,95,3,15
"537","wTtMC_M5FPN_2","2011-2016",60,95,0,31
"538","wTtMC_M5FPN_3","2016-2021",82.8571428571429,85.7142857142857,3,31
"539","wTtMC_qt0wt_2","2011-2016",76.9230769230769,95,1,17
"540","wTtMC_qt0wt_3","2016-2021",75,85.7142857142857,6,14
"541","wTtMC_RZkfV_2","2016-2021",95,85.7142857142857,33,34
"542","wTtMC_u4Ak5_2","2007-2011",0,87.1428571428571,0,39
"543","wTtMC_u4Ak5_3","2011-2016",65,95,0,39
"544","wTtMC_u4Ak5_4","2016-2021",90,85.7142857142857,0,40
"545","wTtMC_VWEeA_2","2011-2016",72,95,2,10
"546","wTtMC_VWEeA_3","2016-2021",88,85.7142857142857,7,10
"547","wTtMC_WeAPC_2","2011-2016",80,95,0,18
"548","wTtMC_WeAPC_3","2016-2021",75,85.7142857142857,6,18
"549","wTtMC_Y5Kyb_2","2011-2016",88.5714285714286,95,1,24
"550","wTtMC_Y5Kyb_3","2016-2021",82.8571428571429,85.7142857142857,8,25
"551","wTtMC_YbNfo_2","2011-2016",82.8571428571429,95,11,26
"552","wTtMC_YbNfo_3","2016-2021",91.4285714285714,85.7142857142857,23,25
"553","wTtMC_yuwfV_3","2016-2021",85.7142857142857,85.7142857142857,2,16
"554","WX2UA_aRIsx_3","2016-2021",53.3333333333333,NA,0,4
"555","WX2UA_nnTGR_3","2016-2021",52.6315789473684,NA,0,15
"556","WX2UA_nnTGR_4","2016-2021",80,NA,0,15
"557","Y0psJ_FZBBg_2","2011-2016",86.6666666666667,88.4615384615385,0,12
"558","Y0psJ_FZBBg_3","2016-2021",60,63.4615384615385,0,12
"559","YPfxF_m7aN0_2","2016-2021",93.75,71.4285714285714,5,14
"560","yTKKH_jaQ6z_2","2016-2021",78.5714285714286,84,0,4
"561","yTKKH_M7YCH_2","2016-2021",80,84,0,6
"562","ZOK8T_JWK2j_3","2016-2021",90.9090909090909,57.5,0,11
