"","id","country","year","referendum","protestfinal","ethfrac","lang","relig","win","gwf","protest_cnts","sample_geddes","psyhint","infl","efw","gini","turnout","country_name","type","boycottopp","nelda_index","neldaindex","pop","gwf1","phat","ethfrac1","new_nelda","gwf2"
"1",321,"Zambia",2011,0,NA,0.780799984931946,0.873399972915649,0.735899984836578,0,"party-based",NA,1,NA,NA,23.25,57.4900016784668,53.9000015258789,70,1,0,NA,NA,13633796,2,0.135978117585182,3,NA,2
"2",25,"Azerbaijan",2010,0,0,0.204699993133545,0.205400004982948,0.48989999294281,1,"personal",0,1,3,5.66792011260986,65.4199981689453,33.7099990844727,50.0999984741211,5,0,0,4,3.074866771698,9054332,6,0.311437249183655,1,1,1
"3",301,"Tunisia",2004,0,0,0.0394000001251698,0.0124000003561378,0.0104000000283122,1,"party-based",0,1,4,3.63228011131287,47.4000015258789,41.4199981689453,91.5199966430664,65,1,0,NA,NA,9932400,2,0.135978117585182,1,NA,2
"4",88,"Egypt",2010,0,1,0.18359999358654,0.023700000718236,0.197899997234344,1,"party-personal-military",6,1,3,NA,34.5200004577637,30.7700004577637,27.4699993133545,19,0,0,NA,NA,78075705,5,0.359868705272675,1,NA,NA
"5",236,"Russia",2008,0,0,0.245199993252754,0.248500004410744,0.43979999423027,1,"personal",2,1,3,14.1077995300293,14.6099996566772,42.2700004577637,69.7099990844727,52,1,0,2,0.447824716567993,141956409,6,0.311437249183655,1,0.475687116384506,1
"6",329,"Zimbabwe",2008,0,0,0.38740000128746,0.447200000286102,0.736299991607666,1,"party-based",4,1,0,NA,9.84000015258789,50.0999984741211,42.3699989318848,71,1,0,2,0.580436944961548,12784041,2,0.135978117585182,2,0.502154231071472,2
"7",152,"Kazakhstan",2005,0,0,0.61710000038147,0.66210001707077,0.589800000190735,1,"personal",0,1,4,NA,16.3400001525879,30.7600002288818,76.7799987792969,34,1,0,1,-0.616713464260101,15147029,6,0.311437249183655,2,0.26322340965271,1
"8",289,"Tanzania",2010,1,0,0.735300004482269,0.898299992084503,0.633400022983551,1,"party-based",0,1,5,6.20016002655029,26.3299999237061,37.5800018310547,39.4900016784668,63,0,0,0,-1.93558049201965,44973330,2,0.135978117585182,3,1.59274138322729e-09,2
"9",245,"Serbia (Yugoslavia)",2000,0,1,0.573599994182587,NA,NA,0,"party-personal",10,1,NA,71.1205978393555,NA,32.7400016784668,71.5500030517578,55,1,0,1,-0.616713464260101,7516346,4,0.575099050998688,2,0.26322340965271,NA
"10",23,"Azerbaijan",2005,0,1,0.204699993133545,0.205400004982948,0.48989999294281,1,"personal",3,1,2,9.67951011657715,45,33.7099990844727,75.3499984741211,5,0,0,2,0.813178300857544,8391850,6,0.311437249183655,1,0.548605442047119,1
"11",238,"Rwanda",2008,0,0,0.32379999756813,NA,0.506600022315979,1,"party-military",NA,1,NA,NA,45.6100006103516,50.8199996948242,98.5,53,0,0,0,-1.93558049201965,10222961,3,0.5,2,1.59274138322729e-09,NA
"12",243,"Senegal",2000,0,0,0.693899989128113,0.696099996566772,0.149700000882149,0,"party-based",0,1,4,0.731981992721558,20.1000003814697,NA,60.7999992370605,54,1,0,0,-1.93558049201965,9861679,2,0.135978117585182,2,1.59274138322729e-09,2
"13",87,"Egypt",2005,1,0,0.18359999358654,0.023700000718236,0.197899997234344,1,"party-personal-military",4,1,3,NA,51.9000015258789,32.1399993896484,28.1299991607666,19,0,0,NA,NA,71777678,5,0.359868705272675,1,NA,NA
"14",244,"Serbia (Yugoslavia)",1996,0,1,0.573599994182587,NA,NA,1,"party-personal",8,1,4,95.6008987426758,NA,32.7400016784668,53.2900009155273,55,0,0,3,1.64497518539429,7708878,4,0.575099050998688,2,0.714617967605591,NA
"15",155,"Kenya",1997,0,0,0.858799993991852,0.885999977588654,0.77649998664856,1,"party-based",15,1,4,NA,33,42.5099983215332,83.8600006103516,35,1,0,NA,NA,28943647,2,0.135978117585182,3,NA,2
"16",312,"Yemen",1997,0,0,NA,0.00800000037997961,0.00230000005103648,1,"personal",0,1,2,2.17672991752625,42.7799987792969,33.439998626709,61,69,0,0,NA,NA,16088019,6,0.311437249183655,3,NA,1
"17",84,"Egypt",1995,0,1,0.18359999358654,0.023700000718236,0.197899997234344,1,"party-personal-military",0,1,4,15.7421998977661,76.4000015258789,30.1299991607666,47.9900016784668,19,0,0,1,-0.616713464260101,61168397,5,0.359868705272675,1,0.26322340965271,NA
"18",287,"Tanzania",2005,0,0,0.735300004482269,0.898299992084503,0.633400022983551,1,"party-based",1,1,3,5.03457021713257,24.1499996185303,37.5800018310547,72,63,0,0,1,-0.871042251586914,38824384,2,0.135978117585182,3,0.212463721632957,2
"19",304,"Tunisia",2009,0,0,0.0394000001251698,0.0124000003561378,0.0104000000283122,1,"party-based",0,1,4,3.52481007575989,14.3400001525879,36.060001373291,89.4000015258789,65,0,0,NA,NA,10439600,2,0.135978117585182,1,NA,2
"20",194,"Namibia",1999,0,0,0.63289999961853,0.700500011444092,0.662599980831146,1,"party-based",NA,1,NA,NA,32.1879997253418,63.9000015258789,NA,43,0,0,0,-1.93558049201965,1857149,2,0.135978117585182,2,1.59274138322729e-09,2
"21",284,"Tanzania",2000,0,1,0.735300004482269,0.898299992084503,0.633400022983551,1,"party-based",2,1,3,5.92396020889282,34.5999984741211,34.6199989318848,84.4300003051758,63,1,0,NA,NA,34020512,2,0.135978117585182,3,NA,2
"22",45,"Cameroon",1997,0,0,0.863499999046326,0.889800012111664,0.733799993991852,1,"personal",0,1,3,4.7862401008606,16.1000003814697,40.4099998474121,81.4000015258789,10,1,0,1,-0.616713464260101,14709426,6,0.311437249183655,3,0.26322340965271,1
"23",102,"Gabon",1996,0,0,0.768999993801117,0.782100021839142,0.667400002479553,1,"party-personal",0,1,7,0.689692974090576,22.0200004577637,41.4500007629395,64,23,0,0,3,1.64497518539429,1108698,4,0.575099050998688,3,0.714617967605591,NA
"24",144,"Iran",2004,0,0,0.66839998960495,0.746200025081635,0.115199998021126,0,"",0,1,NA,14.7615003585815,33.5,38.2799987792969,NA,32,0,0,2,0.813178300857544,69342126,NA,NA,2,0.548605442047119,NA
"25",29,"Belarus",2006,0,1,0.322200000286102,0.466600000858307,0.611599981784821,1,"personal",1,1,4,7.03303003311157,NA,28.6299991607666,NA,6,1,0,2,0.813178300857544,9604000,6,0.311437249183655,2,0.548605442047119,1
"26",34,"Botswana",2004,0,0,0.410199999809265,0.41100001335144,0.598599970340729,1,"party-based",NA,1,NA,NA,43.2000007629395,60.9599990844727,76.1999969482422,7,0,0,NA,NA,1854739,2,0.135978117585182,2,NA,2
"27",259,"Singapore",2011,0,0,0.385699987411499,0.383500009775162,0.6560999751091,1,"party-based",0,1,NA,NA,21.2999992370605,42.4799995422363,93.1800003051758,57,0,0,NA,NA,5183700,2,0.135978117585182,2,NA,2
"28",319,"Zambia",2006,0,1,0.780799984931946,0.873399972915649,0.735899984836578,1,"party-based",0,1,4,9.01957035064697,25.1700000762939,54.6300010681152,70.7399978637695,70,0,0,NA,NA,11781612,2,0.135978117585182,3,NA,2
"29",106,"Gabon",2006,0,1,0.768999993801117,0.782100021839142,0.667400002479553,1,"party-personal",0,1,5,-1.40939998626709,19.5,41.4500007629395,NA,23,0,0,0,-1.93558049201965,1412907,4,0.575099050998688,3,1.59274138322729e-09,NA
"30",151,"Kazakhstan",2004,0,0,0.61710000038147,0.66210001707077,0.589800000190735,1,"personal",0,1,4,6.88205003738403,16.3400001525879,32.25,56.75,34,0,0,2,0.813178300857544,15012985,6,0.311437249183655,2,0.548605442047119,1
"31",112,"Gambia",1997,0,0,0.786400020122528,0.807600021362305,0.0970000028610229,1,"personal",0,1,6,2.78122997283936,36.9700012207031,50.2299995422363,73.2099990844727,24,0,0,2,0.326107978820801,1126986,6,0.311437249183655,3,0.451394528150558,1
"32",16,"Armenia",2007,0,1,0.12720000743866,0.129099994897842,0.457599997520447,1,"personal",0,1,3,4.4073600769043,18.5799999237061,30.2299995422363,59.3499984741211,4,0,0,1,-0.616713464260101,2989882,6,0.311437249183655,1,0.26322340965271,1
"33",142,"Iran",2000,0,1,0.66839998960495,0.746200025081635,0.115199998021126,1,"",0,1,1,14.4767999649048,33.5999984741211,38.2799987792969,NA,32,0,0,4,3.074866771698,65911052,NA,NA,2,1,NA
"34",17,"Armenia",2008,0,1,0.12720000743866,0.129099994897842,0.457599997520447,1,"personal",0,1,3,8.94995021820068,18.5799999237061,30.8600006103516,69.8099975585938,4,1,0,3,1.87771654129028,2977488,6,0.311437249183655,1,0.761069178581238,1
"35",235,"Russia",2007,0,0,0.245199993252754,0.248500004410744,0.43979999423027,1,"personal",1,1,1,9.00722980499268,15.3000001907349,43.7099990844727,63.7099990844727,52,0,0,0,-1.93558049201965,142114903,6,0.311437249183655,1,1.59274138322729e-09,1
"36",39,"Burkina Faso",2005,0,1,0.73769998550415,0.722800016403198,0.579800009727478,1,"personal",0,1,5,6.41504001617432,46.8699989318848,39.7900009155273,57.7000007629395,8,1,0,0,-1.93558049201965,13421929,6,0.311437249183655,3,1.59274138322729e-09,1
"37",299,"Tunisia",1999,0,0,0.0394000001251698,0.0124000003561378,0.0104000000283122,1,"party-based",0,1,6,2.69011998176575,48.060001373291,40.810001373291,92,65,1,0,NA,NA,9455900,2,0.135978117585182,1,NA,2
"38",181,"Mexico",1994,0,1,0.541800022125244,0.151099994778633,0.17960000038147,1,"party-based",3,1,1,6.96577978134155,24.4799995422363,51.8899993896484,78.5,40,1,0,3,1.64497518539429,93541577,2,0.135978117585182,2,0.714617967605591,2
"39",141,"Indonesia",1999,0,0,0.735099971294403,0.76800000667572,0.233999997377396,0,"party-personal-military",9,1,0,20.4890995025635,20.7000007629395,28.9899997711182,93.3000030517578,31,0,0,0,-1.93558049201965,205946831,5,0.359868705272675,3,1.59274138322729e-09,NA
"40",233,"Russia",2003,0,0,0.245199993252754,0.248500004410744,0.43979999423027,1,"personal",NA,1,NA,NA,13.3999996185303,37.2599983215332,55.7000007629395,52,0,0,NA,NA,144667468,6,0.311437249183655,1,NA,1
"41",150,"Kazakhstan",1999,0,0,0.61710000038147,0.66210001707077,0.589800000190735,1,"personal",0,1,5,8.29603004455566,16.3400001525879,41.1100006103516,62.560001373291,34,0,0,2,0.813178300857544,14928426,6,0.311437249183655,2,0.548605442047119,1
"42",307,"Uzbekistan",2000,0,0,0.412499994039536,0.412000000476837,0.213300004601479,1,"party-personal",NA,1,NA,NA,NA,34.5499992370605,95.0999984741211,67,1,0,3,1.87771654129028,24650400,4,0.575099050998688,2,0.761069178581238,NA
"43",161,"Kyrgyz Republic",2005,0,0,0.67519998550415,0.594900012016296,0.446999996900558,0,"personal",4,1,6,4.35484981536865,33.25,39.4900016784668,59,36,1,0,1,-0.616713464260101,5162600,6,0.311437249183655,2,0.26322340965271,1
"44",279,"Tajikistan",1999,1,0,0.510699987411499,0.547299981117249,0.338600009679794,1,"personal",0,1,2,NA,56.6500015258789,29.0100002288818,93.3600006103516,62,1,0,3,1.64497518539429,6094661,6,0.311437249183655,2,0.714617967605591,1
"45",310,"Venezuela",2006,0,0,0.4966000020504,0.0685999989509583,0.135000005364418,1,"personal",0,1,2,NA,50.7900009155273,44.7700004577637,74.6900024414062,68,1,0,3,1.64497518539429,27190882,6,0.311437249183655,2,0.714617967605591,1
"46",325,"Zimbabwe",1996,0,0,0.38740000128746,0.447200000286102,0.736299991607666,1,"party-based",0,1,4,21.4339008331299,10.6800003051758,50.0999984741211,48.3300018310547,71,0,0,2,0.580436944961548,11846110,2,0.135978117585182,2,0.502154231071472,2
"47",11,"Armenia",1996,0,1,0.12720000743866,0.129099994897842,0.457599997520447,1,"personal",0,1,5,18.6812000274658,18.5799999237061,44.4199981689453,60.2999992370605,4,1,0,1,-0.616713464260101,3173425,6,0.311437249183655,1,0.26322340965271,1
"48",318,"Zambia",2006,0,1,0.780799984931946,0.873399972915649,0.735899984836578,1,"party-based",0,1,4,9.01957035064697,25.1700000762939,54.6300010681152,70.7699966430664,70,1,0,0,-1.93558049201965,11781612,2,0.135978117585182,3,1.59274138322729e-09,2
"49",131,"Guinea",1998,0,0,0.738900005817413,0.772499978542328,0.264899998903275,1,"personal",0,1,4,NA,NA,40.2999992370605,69.8300018310547,28,1,0,3,1.64497518539429,8457221,6,0.311437249183655,3,0.714617967605591,1
"50",115,"Gambia",2006,0,0,0.786400020122528,0.807600021362305,0.0970000028610229,1,"personal",0,1,3,2.05578994750977,35.0400009155273,47.2799987792969,58.5999984741211,24,1,0,0,-1.93558049201965,1482324,6,0.311437249183655,3,1.59274138322729e-09,1
"51",303,"Tunisia",2009,0,0,0.0394000001251698,0.0124000003561378,0.0104000000283122,1,"party-based",0,1,4,3.52481007575989,14.3400001525879,36.060001373291,89.4499969482422,65,1,0,3,1.64497518539429,10439600,2,0.135978117585182,1,0.714617967605591,2
"52",237,"Russia",2011,0,1,0.245199993252754,0.248500004410744,0.43979999423027,1,"personal",8,1,NA,8.4350004196167,12.6000003814697,40.1100006103516,60.0999984741211,52,0,0,NA,NA,142956460,6,0.311437249183655,1,NA,1
"53",193,"Namibia",1999,0,0,0.63289999961853,0.700500011444092,0.662599980831146,1,"party-based",NA,1,NA,NA,32.1879997253418,63.9000015258789,NA,43,1,0,1,-0.871042251586914,1857149,2,0.135978117585182,2,0.212463721632957,2
"54",274,"Taiwan",1992,0,0,0.274399995803833,0.502799987792969,0.684499979019165,1,"party-based",1,1,8,NA,45.4599990844727,NA,72,61,0,0,1,-0.871042251586914,NA,2,0.135978117585182,1,0.212463721632957,2
"55",196,"Namibia",2004,0,0,0.63289999961853,0.700500011444092,0.662599980831146,1,"party-based",NA,1,NA,NA,33.7400016784668,63.9000015258789,NA,43,0,0,1,-0.871042251586914,2003320,2,0.135978117585182,2,0.212463721632957,2
"56",18,"Azerbaijan",1993,1,0,0.204699993133545,0.205400004982948,0.48989999294281,1,"personal",0,1,3,1128,45,34.9599990844727,97.5999984741211,5,1,0,3,1.64497518539429,7495000,6,0.311437249183655,1,0.714617967605591,1
"57",43,"Cambodia",2003,0,0,0.210500001907349,0.210500001907349,0.210500001907349,1,"party-based",0,1,4,1.21001005172729,28.5200004577637,41.8499984741211,80,9,0,0,0,-1.93558049201965,12934369,2,0.135978117585182,1,1.59274138322729e-09,2
"58",149,"Kazakhstan",1999,0,0,0.61710000038147,0.66210001707077,0.589800000190735,1,"personal",0,1,5,8.29603004455566,16.3400001525879,41.1100006103516,85.7699966430664,34,1,0,2,0.813178300857544,14928426,6,0.311437249183655,2,0.548605442047119,1
"59",48,"Cameroon",2004,0,0,0.863499999046326,0.889800012111664,0.733799993991852,1,"personal",0,1,4,0.233647003769875,14.1000003814697,38.9099998474121,82.1999969482422,10,1,0,2,0.580436944961548,17674960,6,0.311437249183655,3,0.502154231071472,1
"60",263,"Sri Lanka",1994,0,0,0.41499999165535,0.46450001001358,0.485300004482269,0,"party-based",0,1,2,8.44871044158936,39.2000007629395,35.4099998474121,70.4700012207031,59,1,0,0,-1.93558049201965,17891000,2,0.135978117585182,2,1.59274138322729e-09,2
"61",157,"Kenya",2002,0,0,0.858799993991852,0.885999977588654,0.77649998664856,0,"party-based",1,1,2,1.96131002902985,25.1000003814697,42.5099983215332,57.1800003051758,35,1,0,1,-0.616713464260101,33000524,2,0.135978117585182,3,0.26322340965271,2
"62",169,"Malaysia",1990,0,0,0.587999999523163,0.597000002861023,0.665700018405914,1,"party-based",0,1,3,NA,33.7999992370605,46.1699981689453,72.3000030517578,38,0,0,1,-0.871042251586914,18211097,2,0.135978117585182,2,0.212463721632957,2
"63",234,"Russia",2004,0,0,0.245199993252754,0.248500004410744,0.43979999423027,1,"personal",NA,1,NA,NA,12.3999996185303,37.1399993896484,64.3000030517578,52,1,0,1,-0.616713464260101,143821212,6,0.311437249183655,1,0.26322340965271,1
"64",278,"Taiwan",2000,0,0,0.274399995803833,0.502799987792969,0.684499979019165,0,"party-based",NA,1,NA,NA,30.2299995422363,NA,NA,61,1,0,0,-1.93558049201965,NA,2,0.135978117585182,1,1.59274138322729e-09,2
"65",50,"Cameroon",2011,0,0,0.863499999046326,0.889800012111664,0.733799993991852,1,"personal",0,1,NA,NA,32.6399993896484,38.9099998474121,68.3000030517578,10,1,0,NA,NA,21156272,6,0.311437249183655,3,NA,1
"66",133,"Guinea",2003,0,0,0.738900005817413,0.772499978542328,0.264899998903275,1,"personal",0,1,6,NA,NA,40.2999992370605,82.7600021362305,28,1,0,1,-0.616713464260101,9204581,6,0.311437249183655,3,0.26322340965271,1
"67",330,"Zimbabwe",2008,0,0,0.38740000128746,0.447200000286102,0.736299991607666,1,"party-based",4,1,0,NA,9.84000015258789,50.0999984741211,40.810001373291,71,0,0,3,1.87771654129028,12784041,2,0.135978117585182,2,0.761069178581238,2
"68",109,"Gambia",1992,0,0,0.786400020122528,0.807600021362305,0.0970000028610229,1,"party-based",0,1,NA,9.48653984069824,36.9700012207031,50.2299995422363,55.7999992370605,24,1,0,2,0.326107978820801,979666,2,0.135978117585182,3,0.451394528150558,2
"69",292,"Togo",2002,0,0,0.70990002155304,0.898000001907349,0.659600019454956,1,"personal",0,1,5,3.07406997680664,7.40000009536743,34.4099998474121,67.4300003051758,64,0,0,0,-1.93558049201965,5123674,6,0.311437249183655,3,1.59274138322729e-09,1
"70",323,"Zimbabwe",1990,0,0,0.38740000128746,0.447200000286102,0.736299991607666,1,"party-based",0,1,2,17.362699508667,18.6000003814697,50.0999984741211,30.8099994659424,71,0,0,4,3.074866771698,10461782,2,0.135978117585182,2,1,2
"71",55,"Chad",2001,0,0,0.861999988555908,0.863499999046326,0.641099989414215,1,"personal",1,1,3,NA,24.1000003814697,39.7799987792969,61.4000015258789,12,1,0,0,-1.93558049201965,8620917,6,0.311437249183655,3,1.59274138322729e-09,1
"72",163,"Kyrgyz Republic",2007,1,1,0.67519998550415,0.594900012016296,0.446999996900558,1,"personal",2,1,4,10.1752004623413,19,33.4300003051758,75.1999969482422,36,0,0,2,0.326107978820801,5268400,6,0.311437249183655,2,0.451394528150558,1
"73",223,"Republic of the Congo",2007,0,0,0.874700009822845,0.687099993228912,0.664200007915497,1,"personal",3,1,4,2.65640997886658,48.4300003051758,47.3199996948242,NA,50,0,0,1,-0.616713464260101,3758858,6,0.311437249183655,3,0.26322340965271,1
"74",276,"Taiwan",1996,0,0,0.274399995803833,0.502799987792969,0.684499979019165,1,"party-based",NA,1,NA,NA,43.8059997558594,NA,76,61,1,0,1,-0.871042251586914,NA,2,0.135978117585182,1,0.212463721632957,2
"75",316,"Zambia",1996,0,0,0.780799984931946,0.873399972915649,0.735899984836578,1,"party-based",0,1,3,43.0731010437012,62.5999984741211,49.7900009155273,58,70,0,0,3,1.75599980354309,9073311,2,0.135978117585182,3,0.73677659034729,2
"76",296,"Togo",2010,0,1,0.70990002155304,0.898000001907349,0.659600019454956,1,"personal",0,1,3,1.83416998386383,41.5299987792969,39.2900009155273,65.6999969482422,64,1,0,1,-0.738430142402649,6306014,6,0.311437249183655,3,0.238930836319923,1
"77",120,"Georgia",1999,0,0,0.492300003767014,0.474900007247925,0.654299974441528,1,"personal",0,1,2,19.192699432373,NA,41.060001373291,67.9000015258789,25,0,0,0,-1.93558049201965,4452500,6,0.311437249183655,2,1.59274138322729e-09,1
"78",246,"Serbia (Yugoslavia)",2000,0,1,0.573599994182587,NA,NA,0,"party-personal",10,1,NA,71.1205978393555,NA,32.7400016784668,74.4000015258789,55,0,0,1,-0.616713464260101,7516346,4,0.575099050998688,2,0.26322340965271,NA
"79",58,"Chad",2011,0,0,0.861999988555908,0.863499999046326,0.641099989414215,1,"personal",0,1,NA,-4.89524984359741,28.4899997711182,39.7799987792969,64.2200012207031,12,1,0,NA,NA,12080037,6,0.311437249183655,3,NA,1
"80",180,"Mexico",1991,0,1,0.541800022125244,0.151099994778633,0.17960000038147,1,"party-based",2,1,1,22.6615009307861,28.3199996948242,51.8899993896484,61,40,0,0,1,-0.616713464260101,87890094,2,0.135978117585182,2,0.26322340965271,2
"81",113,"Gambia",2001,0,0,0.786400020122528,0.807600021362305,0.0970000028610229,1,"personal",0,1,5,NA,36.9700012207031,47.2799987792969,89.6999969482422,24,1,0,0,-1.93558049201965,1266691,6,0.311437249183655,3,1.59274138322729e-09,1
"82",70,"Democratic Republic of Congo",2011,0,0,0.874700009822845,0.870500028133392,0.702099978923798,1,"personal",1,1,NA,NA,32.4199981689453,44.4300003051758,58.810001373291,15,1,0,NA,NA,63931512,6,0.311437249183655,3,NA,1
"83",273,"Sudan",2000,0,0,0.714699983596802,0.718999981880188,0.4307000041008,1,"personal",0,1,0,8.03306007385254,NA,35.2900009155273,NA,60,0,0,NA,NA,27729798,6,0.311437249183655,3,NA,1
"84",171,"Malaysia",1999,0,0,0.587999999523163,0.597000002861023,0.665700018405914,1,"party-based",4,1,5,2.74456000328064,43.2799987792969,37.9099998474121,68.6500015258789,38,0,0,2,0.326107978820801,22896048,2,0.135978117585182,2,0.451394528150558,2
"85",291,"Togo",1999,0,0,0.70990002155304,0.898000001907349,0.659600019454956,1,"personal",0,1,4,-0.070532999932766,18.6000003814697,34.4099998474121,NA,64,0,0,3,1.64497518539429,4740974,6,0.311437249183655,3,0.714617967605591,1
"86",46,"Cameroon",1997,0,1,0.863499999046326,0.889800012111664,0.733799993991852,1,"personal",0,1,3,4.7862401008606,16.1000003814697,40.4099998474121,75.5999984741211,10,0,0,1,-0.616713464260101,14709426,6,0.311437249183655,3,0.26322340965271,1
"87",294,"Togo",2005,0,0,0.70990002155304,0.898000001907349,0.659600019454956,1,"personal",6,1,2,6.80158996582031,17.4799995422363,34.4099998474121,63.5999984741211,64,1,0,3,1.87771654129028,5540214,6,0.311437249183655,3,0.761069178581238,1
"88",293,"Togo",2003,0,0,0.70990002155304,0.898000001907349,0.659600019454956,1,"personal",0,1,5,-0.962989985942841,17.7000007629395,34.4099998474121,71.9899978637695,64,1,0,2,0.813178300857544,5258956,6,0.311437249183655,3,0.548605442047119,1
"89",264,"Sri Lanka",1994,0,0,0.41499999165535,0.46450001001358,0.485300004482269,0,"party-based",0,1,2,8.44871044158936,39.2000007629395,35.4099998474121,76.2399978637695,59,0,0,NA,NA,17891000,2,0.135978117585182,2,NA,2
"90",21,"Azerbaijan",2000,0,1,0.204699993133545,0.205400004982948,0.48989999294281,1,"personal",0,1,4,1.80499994754791,45,36.5,68,5,0,0,2,0.447824716567993,8048600,6,0.311437249183655,1,0.475687116384506,1
"91",239,"Rwanda",2010,0,1,0.32379999756813,NA,0.506600022315979,1,"party-military",NA,1,NA,NA,55.1500015258789,50.8199996948242,NA,53,1,0,NA,NA,10836732,3,0.5,2,NA,NA
"92",288,"Tanzania",2010,1,0,0.735300004482269,0.898299992084503,0.633400022983551,1,"party-based",0,1,5,6.20016002655029,26.3299999237061,37.5800018310547,42.8400001525879,63,1,0,2,0.326107978820801,44973330,2,0.135978117585182,3,0.451394528150558,2
"93",15,"Armenia",2003,1,0,0.12720000743866,0.129099994897842,0.457599997520447,1,"personal",0,1,6,4.72154998779297,18.5799999237061,33.7999992370605,45.7299995422363,4,0,0,1,-0.616713464260101,3036032,6,0.311437249183655,1,0.26322340965271,1
"94",158,"Kenya",2002,0,0,0.858799993991852,0.885999977588654,0.77649998664856,0,"party-based",1,1,2,1.96131002902985,25.1000003814697,42.5099983215332,57.1800003051758,35,0,0,1,-0.616713464260101,33000524,2,0.135978117585182,3,0.26322340965271,2
"95",56,"Chad",2002,0,0,0.861999988555908,0.863499999046326,0.641099989414215,1,"personal",0,1,4,5.19182014465332,17,39.7799987792969,52.4000015258789,12,0,0,NA,NA,8959964,6,0.311437249183655,3,NA,1
"96",139,"Indonesia",1992,0,0,0.735099971294403,0.76800000667572,0.233999997377396,1,"party-personal-military",0,1,0,7.52574014663696,20.7000007629395,29.3099994659424,90.9000015258789,31,0,0,0,-1.93558049201965,184916848,5,0.359868705272675,3,1.59274138322729e-09,NA
"97",242,"Senegal",1998,0,0,0.693899989128113,0.696099996566772,0.149700000882149,1,"party-based",0,1,1,1.15678000450134,20.6599998474121,NA,39.2799987792969,54,0,0,0,-1.93558049201965,9387783,2,0.135978117585182,2,1.59274138322729e-09,2
"98",154,"Kazakhstan",2011,0,0,0.61710000038147,0.66210001707077,0.589800000190735,1,"personal",3,1,NA,8.34856986999512,22.2700004577637,29.0400009155273,89.9899978637695,34,1,0,NA,NA,16556600,6,0.311437249183655,2,NA,1
"99",54,"Central African Republic",2011,0,0,0.829500019550323,0.833400011062622,0.791599988937378,1,"personal",0,1,NA,1.30057001113892,32.060001373291,56.2999992370605,NA,11,0,0,NA,NA,4436217,6,0.311437249183655,3,NA,1
"100",71,"Democratic Republic of Congo",2011,0,0,0.874700009822845,0.870500028133392,0.702099978923798,1,"personal",1,1,NA,NA,32.4199981689453,44.4300003051758,58.810001373291,15,0,0,NA,NA,63931512,6,0.311437249183655,3,NA,1
"101",222,"Republic of the Congo",2002,1,1,0.874700009822845,0.687099993228912,0.664200007915497,1,"personal",0,1,2,4.37875986099243,38.5999984741211,47.3199996948242,NA,50,0,0,3,1.64497518539429,3283719,6,0.311437249183655,3,0.714617967605591,1
"102",241,"Senegal",1993,0,0,0.693899989128113,0.696099996566772,0.149700000882149,1,"party-based",1,1,3,-0.58643501996994,21.9400005340576,41.439998626709,51.5,54,1,0,1,-0.738430142402649,8234586,2,0.135978117585182,2,0.238930836319923,2
"103",170,"Malaysia",1995,0,0,0.587999999523163,0.597000002861023,0.665700018405914,1,"party-based",0,1,5,3.45057988166809,28.3999996185303,48.5200004577637,68.3000030517578,38,0,0,0,-1.93558049201965,20725374,2,0.135978117585182,2,1.59274138322729e-09,2
"104",104,"Gabon",2001,0,0,0.768999993801117,0.782100021839142,0.667400002479553,1,"party-personal",0,1,6,2.137619972229,18.4200000762939,41.4500007629395,NA,23,0,0,3,1.64497518539429,1255299,4,0.575099050998688,3,0.714617967605591,NA
"105",320,"Zambia",2008,0,1,0.780799984931946,0.873399972915649,0.735899984836578,1,"party-based",0,1,4,NA,17.6700000762939,57.4900016784668,45.4300003051758,70,1,0,0,-1.93558049201965,12456527,2,0.135978117585182,3,1.59274138322729e-09,2
"106",14,"Armenia",2003,1,1,0.12720000743866,0.129099994897842,0.457599997520447,1,"personal",0,1,6,4.72154998779297,18.5799999237061,33.7999992370605,67.0400009155273,4,1,0,1,-0.616713464260101,3036032,6,0.311437249183655,1,0.26322340965271,1
"107",173,"Malaysia",2008,0,1,0.587999999523163,0.597000002861023,0.665700018405914,1,"party-based",1,1,4,5.44078016281128,45.6300010681152,46.2099990844727,75.9899978637695,38,0,0,2,0.813178300857544,27302348,2,0.135978117585182,2,0.548605442047119,2
"108",30,"Belarus",2008,0,0,0.322200000286102,0.466600000858307,0.611599981784821,1,"personal",0,1,4,14.8379001617432,NA,27.2199993133545,75.6999969482422,6,0,0,3,1.87771654129028,9528000,6,0.311437249183655,2,0.761069178581238,1
"109",187,"Mozambique",1999,0,0,0.693199992179871,0.8125,0.675899982452393,1,"party-based",0,1,3,2.85950994491577,52.2700004577637,47.1100006103516,69.5100021362305,42,1,0,2,0.326107978820801,17798102,2,0.135978117585182,2,0.451394528150558,2
"110",197,"Namibia",2009,0,0,0.63289999961853,0.700500011444092,0.662599980831146,1,"party-based",NA,1,NA,NA,24.7199993133545,63.9000015258789,NA,43,1,0,0,-1.93558049201965,2143498,2,0.135978117585182,2,1.59274138322729e-09,2
"111",224,"Republic of the Congo",2009,0,0,0.874700009822845,0.687099993228912,0.664200007915497,1,"personal",0,1,7,5.29932022094727,48.7000007629395,47.3199996948242,66.4000015258789,50,1,0,3,1.64497518539429,3995146,6,0.311437249183655,3,0.714617967605591,1
"112",36,"Burkina Faso",1997,0,0,0.73769998550415,0.722800016403198,0.579800009727478,1,"personal",0,1,7,2.31869006156921,41.4000015258789,46.8499984741211,44.0999984741211,8,0,0,NA,NA,10664982,6,0.311437249183655,3,NA,1
"113",24,"Azerbaijan",2008,0,0,0.204699993133545,0.205400004982948,0.48989999294281,1,"personal",0,1,3,20.7915992736816,67.5500030517578,33.7099990844727,69.8099975585938,5,1,0,1,-0.616713464260101,8763400,6,0.311437249183655,1,0.26322340965271,1
"114",94,"Ethiopia",1995,0,0,0.72350001335144,0.807299971580505,0.624899983406067,1,"party-based",1,1,0,10.0221996307373,57.3300018310547,39.9599990844727,93.6999969482422,21,0,0,3,1.64497518539429,57023519,2,0.135978117585182,3,0.714617967605591,2
"115",191,"Mozambique",2009,0,0,0.693199992179871,0.8125,0.675899982452393,1,"party-based",0,1,5,3.25168991088867,86.4499969482422,45.6599998474121,44.6300010681152,42,1,0,0,-1.93558049201965,23361025,2,0.135978117585182,2,1.59274138322729e-09,2
"116",86,"Egypt",2005,1,0,0.18359999358654,0.023700000718236,0.197899997234344,1,"party-personal-military",4,1,3,NA,51.9000015258789,32.1399993896484,22.8999996185303,19,1,0,1,-0.616713464260101,71777678,5,0.359868705272675,1,0.26322340965271,NA
"117",103,"Gabon",1998,0,0,0.768999993801117,0.782100021839142,0.667400002479553,1,"party-personal",0,1,7,1.44874000549316,17.6599998474121,41.4500007629395,53.8300018310547,23,1,0,2,0.447824716567993,1166525,4,0.575099050998688,3,0.475687116384506,NA
"118",27,"Belarus",2001,0,0,0.322200000286102,0.466600000858307,0.611599981784821,1,"personal",0,1,5,61.1348991394043,NA,30.6599998474121,83.9000015258789,6,1,0,2,0.447824716567993,9928000,6,0.311437249183655,2,0.475687116384506,1
"119",257,"Singapore",2001,0,0,0.385699987411499,0.383500009775162,0.6560999751091,1,"party-based",0,1,7,0.997197985649109,22.3999996185303,42.4799995422363,94.5999984741211,57,0,0,1,-0.738430142402649,4138000,2,0.135978117585182,2,0.238930836319923,2
"120",298,"Tunisia",1994,0,0,0.0394000001251698,0.0124000003561378,0.0104000000283122,1,"party-based",0,1,4,4.73323011398315,47.7400016784668,41.6599998474121,95.5,65,0,0,4,3.074866771698,8815400,2,0.135978117585182,1,1,2
"121",185,"Mexico",2000,0,0,0.541800022125244,0.151099994778633,0.17960000038147,0,"party-based",NA,1,NA,NA,16.7999992370605,51.8699989318848,63,40,0,0,0,-1.93558049201965,103873607,2,0.135978117585182,2,1.59274138322729e-09,2
"122",190,"Mozambique",2004,0,0,0.693199992179871,0.8125,0.675899982452393,1,"party-based",0,1,4,NA,52.2700004577637,45.6599998474121,36.4199981689453,42,0,0,0,-1.93558049201965,20438827,2,0.135978117585182,2,1.59274138322729e-09,2
"123",132,"Guinea",2002,0,0,0.738900005817413,0.772499978542328,0.264899998903275,1,"personal",0,1,4,NA,NA,40.2999992370605,71.9800033569336,28,0,0,1,-0.616713464260101,9045748,6,0.311437249183655,3,0.26322340965271,1
"124",322,"Zimbabwe",1990,0,0,0.38740000128746,0.447200000286102,0.736299991607666,1,"party-based",0,1,2,17.362699508667,18.6000003814697,50.0999984741211,NA,71,0,0,1,-0.616713464260101,10461782,2,0.135978117585182,2,0.26322340965271,2
"125",305,"Uganda",2011,0,1,0.930199980735779,0.922699987888336,0.633199989795685,1,"personal",8,1,NA,18.684700012207,27.5100002288818,44.2999992370605,59.2900009155273,66,1,0,NA,NA,35148064,6,0.311437249183655,3,NA,1
"126",125,"Ghana",2000,0,1,0.67330002784729,0.673099994659424,0.798699975013733,0,"personal",0,1,5,25.1931991577148,45,40.75,61.7400016784668,26,1,0,2,0.326107978820801,18825034,6,0.311437249183655,2,0.451394528150558,1
"127",283,"Tajikistan",2010,0,0,0.510699987411499,0.547299981117249,0.338600009679794,1,"personal",0,1,4,6.41956996917725,62.560001373291,30.8299999237061,90.8399963378906,62,0,0,3,1.64497518539429,7627326,6,0.311437249183655,2,0.714617967605591,1
"128",121,"Georgia",2000,0,0,0.492300003767014,0.474900007247925,0.654299974441528,1,"personal",0,1,5,4.06396007537842,NA,41.0900001525879,75.9000015258789,25,1,0,1,-0.616713464260101,4418300,6,0.311437249183655,2,0.26322340965271,1
"129",38,"Burkina Faso",2002,0,0,0.73769998550415,0.722800016403198,0.579800009727478,1,"personal",0,1,4,2.1756899356842,37.2000007629395,39.5999984741211,70.4000015258789,8,0,0,2,0.326107978820801,12296399,6,0.311437249183655,3,0.451394528150558,1
"130",28,"Belarus",2004,1,1,0.322200000286102,0.466600000858307,0.611599981784821,1,"personal",1,1,3,18.1082000732422,NA,26.2199993133545,91.0400009155273,6,0,0,2,0.813178300857544,9730000,6,0.311437249183655,2,0.548605442047119,1
"131",211,"Pakistan",2002,1,0,0.709800004959106,0.718999981880188,0.384799987077713,NA,"military-personal",3,1,2,3.29033994674683,25.9799995422363,30.3899993896484,41.7999992370605,47,0,0,NA,NA,149693684,1,0.668917596340179,3,NA,NA
"132",85,"Egypt",2000,0,0,0.18359999358654,0.023700000718236,0.197899997234344,1,"party-personal-military",0,1,4,2.68380999565125,52.0999984741211,32.7599983215332,NA,19,0,0,3,1.64497518539429,66136590,5,0.359868705272675,1,0.714617967605591,NA
"133",41,"Burkina Faso",2010,0,0,0.73769998550415,0.722800016403198,0.579800009727478,1,"personal",0,1,5,-0.764231026172638,53.5699996948242,39.7900009155273,54.9000015258789,8,1,0,0,-1.93558049201965,15540284,6,0.311437249183655,3,1.59274138322729e-09,1
"134",184,"Mexico",2000,0,0,0.541800022125244,0.151099994778633,0.17960000038147,0,"party-based",NA,1,NA,NA,16.7999992370605,51.8699989318848,63,40,1,0,0,-1.93558049201965,103873607,2,0.135978117585182,2,1.59274138322729e-09,2
"135",240,"Senegal",1993,0,0,0.693899989128113,0.696099996566772,0.149700000882149,1,"party-based",1,1,3,-0.58643501996994,21.9400005340576,41.439998626709,40.4000015258789,54,0,0,0,-1.93558049201965,8234586,2,0.135978117585182,2,1.59274138322729e-09,2
"136",176,"Mauritania",2001,0,0,0.615000009536743,0.32600000500679,0.0148999998345971,1,"personal",0,1,6,NA,11.5600004196167,41.2599983215332,54.5,39,0,0,2,0.813178300857544,2791403,6,0.311437249183655,2,0.548605442047119,1
"137",96,"Ethiopia",2005,0,1,0.72350001335144,0.807299971580505,0.624899983406067,1,"party-based",6,1,0,NA,62.3300018310547,29.8299999237061,82.5999984741211,21,0,0,NA,NA,76167240,2,0.135978117585182,3,NA,2
"138",47,"Cameroon",2002,0,0,0.863499999046326,0.889800012111664,0.733799993991852,1,"personal",0,1,2,2.83441996574402,11.6800003051758,38.9099998474121,75.5999984741211,10,0,0,3,1.64497518539429,16782044,6,0.311437249183655,3,0.714617967605591,1
"139",201,"Niger",1996,1,1,0.651799976825714,0.651899993419647,0.201299995183945,1,"personal",0,1,6,5.28885984420776,58.5,41.5299987792969,66.4000015258789,45,1,0,3,2.01032876968384,9499605,6,0.311437249183655,2,0.787536323070526,1
"140",324,"Zimbabwe",1995,0,0,0.38740000128746,0.447200000286102,0.736299991607666,1,"party-based",2,1,4,22.5937995910645,11.8000001907349,50.0999984741211,32.2999992370605,71,0,0,4,3.074866771698,11639364,2,0.135978117585182,2,1,2
"141",306,"Uganda",2011,0,1,0.930199980735779,0.922699987888336,0.633199989795685,1,"personal",8,1,NA,18.684700012207,27.5100002288818,44.2999992370605,59.2900009155273,66,0,0,NA,NA,35148064,6,0.311437249183655,3,NA,1
"142",118,"Georgia",1995,0,0,0.492300003767014,0.474900007247925,0.654299974441528,1,"personal",0,1,3,162.716995239258,NA,37.1300010681152,68.3000030517578,25,1,0,2,0.326107978820801,4734000,6,0.311437249183655,2,0.451394528150558,1
"143",232,"Russia",2000,0,0,0.245199993252754,0.248500004410744,0.43979999423027,1,"personal",0,1,2,20.7763004302979,10.3000001907349,39.5999984741211,68.6399993896484,52,1,0,0,-1.93558049201965,146596870,6,0.311437249183655,1,1.59274138322729e-09,1
"144",302,"Tunisia",2004,0,0,0.0394000001251698,0.0124000003561378,0.0104000000283122,1,"party-based",0,1,4,3.63228011131287,47.4000015258789,41.4199981689453,86.4100036621094,65,0,0,2,0.813178300857544,9932400,2,0.135978117585182,1,0.548605442047119,2
"145",175,"Mauritania",1997,0,0,0.615000009536743,0.32600000500679,0.0148999998345971,1,"personal",0,1,5,4.62534999847412,11.5600004196167,39.0400009155273,74.6999969482422,39,1,0,1,-0.616713464260101,2475726,6,0.311437249183655,2,0.26322340965271,1
"146",19,"Azerbaijan",1996,0,1,0.204699993133545,0.205400004982948,0.48989999294281,1,"personal",0,1,3,19.7947998046875,45,36.5,86.0999984741211,5,0,0,2,0.813178300857544,7763000,6,0.311437249183655,1,0.548605442047119,1
"147",165,"Kyrgyz Republic",2010,1,1,0.67519998550415,0.594900012016296,0.446999996900558,1,"personal",5,1,4,7.96772003173828,25.0699996948242,36.5099983215332,55.9000015258789,36,0,0,0,-1.93558049201965,5447900,6,0.311437249183655,2,1.59274138322729e-09,1
"148",145,"Iran",2005,0,0,0.66839998960495,0.746200025081635,0.115199998021126,0,"",0,1,1,13.4330997467041,33.7000007629395,38.2799987792969,62.6599998474121,32,1,0,0,-1.93558049201965,70152384,NA,NA,2,1.59274138322729e-09,NA
"149",164,"Kyrgyz Republic",2009,0,1,0.67519998550415,0.594900012016296,0.446999996900558,1,"personal",1,1,4,6.89863014221191,17.6499996185303,36.189998626709,79.3000030517578,36,1,0,NA,NA,5383300,6,0.311437249183655,2,NA,1
"150",177,"Mauritania",2003,0,0,0.615000009536743,0.32600000500679,0.0148999998345971,1,"personal",0,1,4,5.15189981460571,11.5600004196167,41.2599983215332,60.7999992370605,39,1,0,3,1.64497518539429,2965667,6,0.311437249183655,2,0.714617967605591,1
"151",31,"Belarus",2010,0,1,0.322200000286102,0.466600000858307,0.611599981784821,1,"personal",2,1,2,7.73575019836426,NA,27.7000007629395,90.6999969482422,6,1,0,2,0.580436944961548,9490000,6,0.311437249183655,2,0.502154231071472,1
"152",105,"Gabon",2005,0,1,0.768999993801117,0.782100021839142,0.667400002479553,1,"party-personal",0,1,5,3.70832991600037,19.8999996185303,41.4500007629395,63.4700012207031,23,1,0,1,-0.738430142402649,1379465,4,0.575099050998688,3,0.238930836319923,NA
"153",219,"Peru",2000,0,1,0.656599998474121,0.335799992084503,0.19879999756813,0,"personal",10,1,4,3.75733995437622,19.6100006103516,50.75,81,49,1,0,1,-0.616713464260101,26000080,6,0.311437249183655,2,0.26322340965271,1
"154",42,"Cambodia",1998,0,0,0.210500001907349,0.210500001907349,0.210500001907349,1,"party-based",4,1,0,14.8065004348755,28.5200004577637,41.8499984741211,93.6999969482422,9,0,0,0,-1.93558049201965,11685332,2,0.135978117585182,1,1.59274138322729e-09,2
"155",140,"Indonesia",1997,0,1,0.735099971294403,0.76800000667572,0.233999997377396,1,"party-personal-military",6,1,0,NA,20.7000007629395,28.9899997711182,88.9300003051758,31,0,0,1,-0.616713464260101,200050444,5,0.359868705272675,3,0.26322340965271,NA
"156",231,"Russia",1999,0,0,0.245199993252754,0.248500004410744,0.43979999423027,1,"personal",2,1,3,85.7417984008789,10.460000038147,37.4799995422363,62.3300018310547,52,0,0,2,0.326107978820801,147214777,6,0.311437249183655,1,0.451394528150558,1
"157",220,"Peru",2000,0,1,0.656599998474121,0.335799992084503,0.19879999756813,0,"personal",10,1,4,3.75733995437622,19.6100006103516,50.75,81.9800033569336,49,0,0,2,0.326107978820801,26000080,6,0.311437249183655,2,0.451394528150558,1
"158",107,"Gabon",2009,0,1,0.768999993801117,0.782100021839142,0.667400002479553,1,"party-personal",0,1,6,1.88571000099182,22.1499996185303,41.4500007629395,44.2900009155273,23,1,0,1,-0.616713464260101,1519155,4,0.575099050998688,3,0.26322340965271,NA
"159",22,"Azerbaijan",2003,0,1,0.204699993133545,0.205400004982948,0.48989999294281,1,"personal",1,1,3,2.23387002944946,45,33.7099990844727,71.5,5,1,0,1,-0.616713464260101,8234100,6,0.311437249183655,1,0.26322340965271,1
"160",111,"Gambia",1996,1,0,0.786400020122528,0.807600021362305,0.0970000028610229,1,"personal",0,1,6,1.09949004650116,36.9700012207031,50.2299995422363,88,24,1,0,4,3.074866771698,1095930,6,0.311437249183655,3,1,1
"161",97,"Ethiopia",2010,0,0,0.72350001335144,0.807299971580505,0.624899983406067,1,"party-based",0,1,2,8.13694000244141,64.8300018310547,33.5999984741211,93.4400024414062,21,0,0,3,1.87771654129028,87095281,2,0.135978117585182,3,0.761069178581238,2
"162",285,"Tanzania",2000,0,1,0.735300004482269,0.898299992084503,0.633400022983551,1,"party-based",2,1,3,5.92396020889282,34.5999984741211,34.6199989318848,84.4300003051758,63,0,0,2,0.580436944961548,34020512,2,0.135978117585182,3,0.502154231071472,2
"163",290,"Togo",1998,0,1,0.70990002155304,0.898000001907349,0.659600019454956,1,"personal",0,1,4,0.973331987857819,20.3999996185303,34.4099998474121,69.8000030517578,64,1,0,2,0.580436944961548,4620710,6,0.311437249183655,3,0.502154231071472,1
"164",188,"Mozambique",1999,0,0,0.693199992179871,0.8125,0.675899982452393,1,"party-based",0,1,3,2.85950994491577,52.2700004577637,47.1100006103516,68.0899963378906,42,0,0,0,-1.93558049201965,17798102,2,0.135978117585182,2,1.59274138322729e-09,2
"165",126,"Ghana",2000,0,0,0.67330002784729,0.673099994659424,0.798699975013733,0,"personal",0,1,5,25.1931991577148,45,40.75,61.189998626709,26,0,0,0,-1.93558049201965,18825034,6,0.311437249183655,2,1.59274138322729e-09,1
"166",117,"Gambia",2011,0,0,0.786400020122528,0.807600021362305,0.0970000028610229,1,"personal",0,1,NA,4.79648017883301,45.0900001525879,47.2799987792969,83,24,1,0,NA,NA,1734966,6,0.311437249183655,3,NA,1
"167",295,"Togo",2007,0,0,0.70990002155304,0.898000001907349,0.659600019454956,1,"personal",0,1,4,0.959946990013123,13.8100004196167,39.2900009155273,84.9199981689453,64,0,0,NA,NA,5834806,6,0.311437249183655,3,NA,1
"168",317,"Zambia",2001,0,0,0.780799984931946,0.873399972915649,0.735899984836578,1,"party-based",1,1,5,21.3938007354736,67.1999969482422,42.0800018310547,68.5500030517578,70,0,0,1,-0.505688667297363,10362137,2,0.135978117585182,3,0.285382062196732,2
"169",26,"Belarus",2000,0,0,0.322200000286102,0.466600000858307,0.611599981784821,1,"personal",0,1,4,168.619995117188,NA,30.3500003814697,61.0800018310547,6,0,0,3,1.64497518539429,10005000,6,0.311437249183655,2,0.714617967605591,1
"170",33,"Botswana",1999,0,0,0.410199999809265,0.41100001335144,0.598599970340729,1,"party-based",NA,1,NA,NA,46.2000007629395,60.9599990844727,77.0999984741211,7,0,0,2,0.326107978820801,1724924,2,0.135978117585182,2,0.451394528150558,2
"171",280,"Tajikistan",2000,0,0,0.510699987411499,0.547299981117249,0.338600009679794,1,"personal",0,1,1,NA,56.6500015258789,32.6199989318848,93.4000015258789,62,0,0,2,0.447824716567993,6186152,6,0.311437249183655,2,0.475687116384506,1
"172",160,"Kyrgyz Republic",2000,0,1,0.67519998550415,0.594900012016296,0.446999996900558,1,"personal",0,1,6,18.7007007598877,33.25,31.6700000762939,64.4100036621094,36,0,0,4,3.074866771698,4898400,6,0.311437249183655,2,1,1
"173",153,"Kazakhstan",2007,0,0,0.61710000038147,0.66210001707077,0.589800000190735,1,"personal",0,1,3,NA,18.6900005340576,30.8799991607666,68.4100036621094,34,0,0,NA,NA,15484192,6,0.311437249183655,2,NA,1
"174",327,"Zimbabwe",2002,0,0,0.38740000128746,0.447200000286102,0.736299991607666,1,"party-based",0,1,2,140.059997558594,20.6000003814697,50.0999984741211,47.6599998474121,71,0,0,2,0.580436944961548,12640922,2,0.135978117585182,2,0.502154231071472,2
"175",32,"Botswana",1994,0,0,0.410199999809265,0.41100001335144,0.598599970340729,1,"party-based",NA,1,NA,NA,42.2599983215332,60.9599990844727,76.5999984741211,7,0,1,1,-0.871042251586914,1544865,2,0.0371229127049446,2,0.212463721632957,2
"176",286,"Tanzania",2005,0,0,0.735300004482269,0.898299992084503,0.633400022983551,1,"party-based",1,1,3,5.03457021713257,24.1499996185303,37.5800018310547,72.4000015258789,63,1,1,2,0.326107978820801,38824384,2,0.0371229127049446,3,0.451394528150558,2
"177",110,"Gambia",1992,0,0,0.786400020122528,0.807600021362305,0.0970000028610229,1,"party-based",0,1,NA,9.48653984069824,36.9700012207031,50.2299995422363,55.7999992370605,24,0,1,2,0.326107978820801,979666,2,0.0371229127049446,3,0.451394528150558,2
"178",309,"Venezuela",2005,0,0,0.4966000020504,0.0685999989509583,0.135000005364418,1,"personal",NA,1,NA,NA,42.3600006103516,49.4599990844727,25.2600002288818,68,0,1,2,0.447824716567993,26725897,6,0.0997508689761162,2,0.475687116384506,1
"179",189,"Mozambique",2004,0,0,0.693199992179871,0.8125,0.675899982452393,1,"party-based",0,1,4,NA,52.2700004577637,45.6599998474121,36.3400001525879,42,1,1,NA,NA,20438827,2,0.0371229127049446,2,NA,2
"180",255,"Singapore",1991,0,0,0.385699987411499,0.383500009775162,0.6560999751091,1,"party-based",0,1,8,NA,18.6000003814697,42.4799995422363,95,57,0,1,1,-0.505688667297363,3135100,2,0.0371229127049446,2,0.285382062196732,2
"181",281,"Tajikistan",2005,0,0,0.510699987411499,0.547299981117249,0.338600009679794,1,"personal",0,1,5,7.09192991256714,56.6500015258789,32.5499992370605,93.2300033569336,62,0,1,3,1.87771654129028,6805655,6,0.0997508689761162,2,0.761069178581238,1
"182",315,"Zambia",1996,0,0,0.780799984931946,0.873399972915649,0.735899984836578,1,"party-based",0,1,3,43.0731010437012,62.5999984741211,49.7900009155273,58,70,1,1,2,0.326107978820801,9073311,2,0.0371229127049446,3,0.451394528150558,2
"183",258,"Singapore",2006,0,0,0.385699987411499,0.383500009775162,0.6560999751091,1,"party-based",0,1,5,1.02092003822327,21.2999992370605,42.4799995422363,94,57,0,1,0,-1.93558049201965,4401400,2,0.0371229127049446,2,1.59274138322729e-09,2
"184",156,"Kenya",1997,0,0,0.858799993991852,0.885999977588654,0.77649998664856,1,"party-based",15,1,4,NA,33,42.5099983215332,65.4499969482422,35,0,1,NA,NA,28943647,2,0.0371229127049446,3,NA,2
"185",326,"Zimbabwe",2000,1,0,0.38740000128746,0.447200000286102,0.736299991607666,1,"party-based",2,1,4,55.8665008544922,6.19999980926514,50.0999984741211,55.4000015258789,71,0,1,NA,NA,12503652,2,0.0371229127049446,2,NA,2
"186",114,"Gambia",2002,0,0,0.786400020122528,0.807600021362305,0.0970000028610229,1,"personal",0,1,7,8.60912990570068,36.9700012207031,47.2799987792969,56.3800010681152,24,0,1,1,-0.871042251586914,1306667,6,0.0997508689761162,3,0.212463721632957,1
"187",49,"Cameroon",2007,0,0,0.863499999046326,0.889800012111664,0.733799993991852,1,"personal",0,1,4,0.921401977539062,26.8099994659424,38.9099998474121,62,10,0,1,1,-0.616713464260101,19097676,6,0.0997508689761162,3,0.26322340965271,1
"188",59,"Chad",2011,0,0,0.861999988555908,0.863499999046326,0.641099989414215,1,"personal",0,1,NA,-4.89524984359741,28.4899997711182,39.7799987792969,56.5999984741211,12,0,1,NA,NA,12080037,6,0.0997508689761162,3,NA,1
"189",13,"Armenia",1999,0,0,0.12720000743866,0.129099994897842,0.457599997520447,1,"personal",0,1,6,0.648245990276337,18.5799999237061,36.0099983215332,51.7000007629395,4,0,1,3,1.64497518539429,3093820,6,0.0997508689761162,1,0.714617967605591,1
"190",311,"Venezuela",2010,0,0,0.4966000020504,0.0685999989509583,0.135000005364418,1,"personal",0,1,2,28.1875,60.5900001525879,44.7700004577637,66.4499969482422,68,0,1,1,-0.616713464260101,29043283,6,0.0997508689761162,2,0.26322340965271,1
"191",300,"Tunisia",1999,0,0,0.0394000001251698,0.0124000003561378,0.0104000000283122,1,"party-based",0,1,6,2.69011998176575,48.060001373291,40.810001373291,91.5,65,0,1,NA,NA,9455900,2,0.0371229127049446,1,NA,2
"192",146,"Iran",2008,0,0,0.66839998960495,0.746200025081635,0.115199998021126,1,"",0,1,0,25.5498008728027,35.2999992370605,38.2799987792969,49.4700012207031,32,0,1,4,3.074866771698,72660887,NA,NA,2,1,NA
"193",1,"Afghanistan",2009,0,1,0.769299983978271,0.614099979400635,0.271699994802475,1,"personal",1,1,4,-13.2257995605469,NA,27.8199996948242,NA,1,1,1,3,1.64497518539429,27708187,6,0.0997508689761162,3,0.714617967605591,1
"194",119,"Georgia",1995,0,0,0.492300003767014,0.474900007247925,0.654299974441528,1,"personal",0,1,3,162.716995239258,NA,37.1300010681152,66.5999984741211,25,0,1,0,-1.93558049201965,4734000,6,0.0997508689761162,2,1.59274138322729e-09,1
"195",2,"Afghanistan",2010,0,0,0.769299983978271,0.614099979400635,0.271699994802475,NA,"personal",0,1,3,12.8809995651245,NA,27.8199996948242,NA,1,0,1,NA,NA,28397812,6,0.0997508689761162,3,NA,1
"196",35,"Botswana",2009,0,0,0.410199999809265,0.41100001335144,0.598599970340729,1,"party-based",NA,1,NA,NA,54.6699981689453,60.9599990844727,76.7099990844727,7,0,1,1,-0.871042251586914,1951715,2,0.0371229127049446,2,0.212463721632957,2
"197",195,"Namibia",2004,0,0,0.63289999961853,0.700500011444092,0.662599980831146,1,"party-based",NA,1,NA,NA,33.7400016784668,63.9000015258789,NA,43,1,1,0,-1.93558049201965,2003320,2,0.0371229127049446,2,1.59274138322729e-09,2
"198",95,"Ethiopia",2000,0,0,0.72350001335144,0.807299971580505,0.624899983406067,1,"party-based",0,1,2,0.662458002567291,59.8300018310547,30,90,21,0,1,3,1.64497518539429,66024199,2,0.0371229127049446,3,0.714617967605591,2
"199",20,"Azerbaijan",1998,0,1,0.204699993133545,0.205400004982948,0.48989999294281,1,"personal",0,1,4,-0.772697985172272,45,36.5,78.9000015258789,5,1,1,3,1.64497518539429,7913000,6,0.0997508689761162,1,0.714617967605591,1
"200",183,"Mexico",1997,0,0,0.541800022125244,0.151099994778633,0.17960000038147,1,"party-based",4,1,2,20.6264991760254,20.6399993896484,48.9900016784668,57.689998626709,40,0,1,2,0.326107978820801,98968558,2,0.0371229127049446,2,0.451394528150558,2
"201",272,"Sudan",2000,0,0,0.714699983596802,0.718999981880188,0.4307000041008,1,"personal",0,1,0,8.03306007385254,NA,35.2900009155273,NA,60,1,1,3,1.64497518539429,27729798,6,0.0997508689761162,3,0.714617967605591,1
"202",275,"Taiwan",1995,0,0,0.274399995803833,0.502799987792969,0.684499979019165,1,"party-based",NA,1,NA,NA,47.2000007629395,NA,67.5999984741211,61,0,1,2,0.326107978820801,NA,2,0.0371229127049446,1,0.451394528150558,2
"203",198,"Namibia",2009,0,0,0.63289999961853,0.700500011444092,0.662599980831146,1,"party-based",NA,1,NA,NA,24.7199993133545,63.9000015258789,NA,43,0,1,0,-1.93558049201965,2143498,2,0.0371229127049446,2,1.59274138322729e-09,2
"204",229,"Russia",1995,0,0,0.245199993252754,0.248500004410744,0.43979999423027,1,"personal",1,1,1,197.470993041992,11.1000003814697,46.1100006103516,64.7300033569336,52,0,1,NA,NA,148141000,6,0.0997508689761162,1,NA,1
"205",277,"Taiwan",1998,0,0,0.274399995803833,0.502799987792969,0.684499979019165,1,"party-based",NA,1,NA,NA,37.0180015563965,NA,68.0999984741211,61,0,1,NA,NA,NA,2,0.0371229127049446,1,NA,2
"206",123,"Ghana",1996,0,0,0.67330002784729,0.673099994659424,0.798699975013733,1,"personal",0,1,6,46.5610008239746,62.2000007629395,40.75,78.2099990844727,26,1,1,3,1.64497518539429,17169151,6,0.0997508689761162,2,0.714617967605591,1
"207",40,"Burkina Faso",2007,0,0,0.73769998550415,0.722800016403198,0.579800009727478,1,"personal",0,1,6,-0.230627000331879,57.1699981689453,39.7900009155273,56.4000015258789,8,0,1,1,-0.871042251586914,14235075,6,0.0997508689761162,3,0.212463721632957,1
"208",83,"Egypt",1990,1,0,0.18359999358654,0.023700000718236,0.197899997234344,1,"party-personal-military",2,1,4,16.7563991546631,54.5,32,44.2000007629395,19,0,1,3,1.64497518539429,56336614,5,0.121050328016281,1,0.714617967605591,NA
"209",162,"Kyrgyz Republic",2005,0,1,0.67519998550415,0.594900012016296,0.446999996900558,0,"personal",4,1,6,4.35484981536865,33.25,39.4900016784668,74.9700012207031,36,0,1,2,0.580436944961548,5162600,6,0.0997508689761162,2,0.502154231071472,1
"210",116,"Gambia",2007,0,0,0.786400020122528,0.807600021362305,0.0970000028610229,1,"personal",0,1,5,5.36589002609253,25.75,47.2799987792969,41.7000007629395,24,0,1,0,-1.93558049201965,1529406,6,0.0997508689761162,3,1.59274138322729e-09,1
"211",172,"Malaysia",2004,0,0,0.587999999523163,0.597000002861023,0.665700018405914,1,"party-based",0,1,4,1.51854002475739,49.0999984741211,37.9099998474121,73.9000015258789,38,0,1,2,0.326107978820801,25365089,2,0.0371229127049446,2,0.451394528150558,2
"212",124,"Ghana",1996,0,0,0.67330002784729,0.673099994659424,0.798699975013733,1,"personal",0,1,6,46.5610008239746,62.2000007629395,40.75,65,26,0,1,3,1.64497518539429,17169151,6,0.0997508689761162,2,0.714617967605591,1
"213",230,"Russia",1996,0,0,0.245199993252754,0.248500004410744,0.43979999423027,1,"personal",5,1,3,47.74169921875,10.9399995803833,46.1100006103516,69.6999969482422,52,1,1,0,-1.93558049201965,148160126,6,0.0997508689761162,1,1.59274138322729e-09,1
"214",57,"Chad",2006,0,0,0.861999988555908,0.863499999046326,0.641099989414215,1,"personal",0,1,2,8.03629016876221,37.7000007629395,39.7799987792969,53.0800018310547,12,1,1,3,1.64497518539429,10356822,6,0.0997508689761162,3,0.714617967605591,1
"215",313,"Yemen",2003,0,0,NA,0.00800000037997961,0.00230000005103648,1,"personal",0,1,2,NA,42.7799987792969,37.689998626709,76,69,0,1,2,0.447824716567993,19081306,6,0.0997508689761162,3,0.475687116384506,1
"216",216,"Peru",1992,0,0,0.656599998474121,0.335799992084503,0.19879999756813,1,"personal",0,1,1,73.5282974243164,19.7999992370605,44.8699989318848,71.3000030517578,49,0,1,1,-0.871042251586914,22649612,6,0.0997508689761162,2,0.212463721632957,1
"217",159,"Kyrgyz Republic",2000,0,0,0.67519998550415,0.594900012016296,0.446999996900558,1,"personal",0,1,6,18.7007007598877,33.25,31.6700000762939,77.2600021362305,36,1,1,2,0.813178300857544,4898400,6,0.0997508689761162,2,0.548605442047119,1
"218",12,"Armenia",1998,0,0,0.12720000743866,0.129099994897842,0.457599997520447,1,"personal",0,1,4,8.67249011993408,18.5799999237061,36.0099983215332,NA,4,1,1,2,0.326107978820801,3112958,6,0.0997508689761162,1,0.451394528150558,1
"219",212,"Pakistan",2008,0,1,0.709800004959106,0.718999981880188,0.384799987077713,0,"military-personal",4,1,0,20.2861003875732,26.5,30.0200004577637,44.5499992370605,47,0,1,NA,NA,167008083,1,0.331082403659821,3,NA,NA
"220",256,"Singapore",1997,0,0,0.385699987411499,0.383500009775162,0.6560999751091,1,"party-based",0,1,5,2.00359010696411,18.6000003814697,42.4799995422363,95.9000015258789,57,0,1,NA,NA,3796000,2,0.0371229127049446,2,NA,2
"221",108,"Gabon",2011,0,0,0.768999993801117,0.782100021839142,0.667400002479553,1,"party-personal",0,1,NA,1.26934003829956,39.4500007629395,41.4500007629395,34.7999992370605,23,0,1,NA,NA,1594034,4,0.249009668827057,3,NA,NA
"222",218,"Peru",1995,0,0,0.656599998474121,0.335799992084503,0.19879999756813,1,"personal",1,1,3,11.1287002563477,19.5,34.7799987792969,67.0999984741211,49,0,1,1,-0.871042251586914,23939261,6,0.0997508689761162,2,0.212463721632957,1
"223",179,"Mauritania",2009,0,0,0.615000009536743,0.32600000500679,0.0148999998345971,1,"personal",0,1,5,2.22092008590698,28.7600002288818,51.060001373291,64.5800018310547,39,1,1,3,1.64497518539429,3516077,6,0.0997508689761162,2,0.714617967605591,1
"224",122,"Georgia",2003,1,1,0.492300003767014,0.474900007247925,0.654299974441528,1,"personal",2,1,4,4.76442003250122,NA,40.3699989318848,60,25,0,NA,NA,NA,4328900,6,NA,2,NA,1
"225",44,"Cambodia",2008,0,1,0.210500001907349,0.210500001907349,0.210500001907349,1,"party-based",0,1,3,24.997200012207,36.4799995422363,37.8499984741211,81.5,9,0,NA,0,-1.93558049201965,13940518,2,NA,1,1.59274138322729e-09,2
"226",147,"Iran",2009,0,1,0.66839998960495,0.746200025081635,0.115199998021126,1,"",18,1,0,13.5003004074097,35.2999992370605,38.2799987792969,85,32,1,NA,NA,NA,73542954,NA,NA,2,NA,NA
"227",217,"Peru",1995,0,0,0.656599998474121,0.335799992084503,0.19879999756813,1,"personal",1,1,3,11.1287002563477,19.5,34.7799987792969,73,49,1,NA,NA,NA,23939261,6,NA,2,NA,1
"228",328,"Zimbabwe",2005,0,0,0.38740000128746,0.447200000286102,0.736299991607666,1,"party-based",0,1,2,302.117004394531,100,50.0999984741211,47.6599998474121,71,0,NA,NA,NA,12710589,2,NA,2,NA,2
"229",308,"Uzbekistan",2007,0,0,0.412499994039536,0.412000000476837,0.213300004601479,1,"party-personal",NA,1,NA,NA,NA,36.7200012207031,96,67,1,NA,NA,NA,26868000,4,NA,2,NA,NA
"230",314,"Yemen",2006,0,0,NA,0.00800000037997961,0.00230000005103648,1,"personal",1,1,3,NA,44.4799995422363,37.689998626709,65.1600036621094,69,1,NA,NA,NA,20661714,6,NA,3,NA,1
"231",182,"Mexico",1994,0,1,0.541800022125244,0.151099994778633,0.17960000038147,1,"party-based",3,1,1,6.96577978134155,24.4799995422363,51.8899993896484,77.7300033569336,40,0,NA,NA,NA,93541577,2,NA,2,NA,2
"232",174,"Mauritania",1996,0,0,0.615000009536743,0.32600000500679,0.0148999998345971,1,"personal",0,1,7,4.68131017684937,11.5600004196167,37.2900009155273,52.0999984741211,39,0,NA,NA,NA,2403805,6,NA,2,NA,1
"233",282,"Tajikistan",2006,0,0,0.510699987411499,0.547299981117249,0.338600009679794,1,"personal",0,1,4,10.0108995437622,52.9099998474121,32.5499992370605,91.0100021362305,62,1,NA,NA,NA,6954522,6,NA,2,NA,1
"234",143,"Iran",2001,0,0,0.66839998960495,0.746200025081635,0.115199998021126,1,"",1,1,1,NA,31.3999996185303,38.2799987792969,67.7699966430664,32,1,NA,NA,NA,66857624,NA,NA,2,NA,NA
"235",192,"Mozambique",2009,0,0,0.693199992179871,0.8125,0.675899982452393,1,"party-based",0,1,5,3.25168991088867,86.4499969482422,45.6599998474121,44.439998626709,42,0,NA,2,0.691461741924286,23361025,2,NA,2,0.524312913417816,2
"236",53,"Central African Republic",2011,0,0,0.829500019550323,0.833400011062622,0.791599988937378,1,"personal",0,1,NA,1.30057001113892,32.060001373291,56.2999992370605,54.0099983215332,11,1,NA,NA,NA,4436217,6,NA,3,NA,1
