"","cigarette_per_day","age","sex","y_diplom","beer_per_day","life_satisfaction","subjective_respect","subjective_law","subjective_income"
"1",20,51,1,4,NA,2,6,4,4
"2",20,39,1,3,NA,3,8,4,4
"3",15,43,2,5,NA,4,6,4,4
"4",5,36,2,3,NA,2,6,6,3
"5",5,55,2,5,NA,4,6,5,5
"6",10,38,1,6,NA,4,5,4,4
"7",15,70,2,4,NA,4,5,4,4
"8",20,48,1,3,1500,3,6,3,2
"9",10,27,2,6,NA,2,5,3,2
"10",2,48,1,4,NA,2,1,1,1
"11",10,56,1,4,NA,2,5,4,4
"12",10,60,2,4,NA,3,6,2,2
"13",10,31,2,6,1500,1,9,8,7
"14",20,56,1,4,NA,3,NA,NA,NA
"15",2,66,1,4,NA,4,7,6,5
"16",10,62,1,3,3000,3,NA,NA,NA
"17",20,38,1,3,3000,3,NA,NA,NA
"18",25,65,1,4,1000,4,9,4,3
"19",10,65,1,4,NA,2,5,2,5
"20",20,26,1,4,1500,2,8,5,3
"21",20,42,1,4,1000,4,4,3,3
"22",10,66,1,2,NA,4,7,6,5
"23",10,66,1,3,NA,5,7,6,5
"24",20,59,1,5,NA,2,8,6,5
"25",10,36,1,4,1000,2,8,8,5
"26",20,60,2,2,1500,1,8,3,3
"27",20,32,2,4,1000,2,6,3,2
"28",20,37,1,5,500,2,5,4,3
"29",20,69,1,2,NA,4,5,2,2
"30",15,48,1,4,NA,3,4,2,3
"31",20,71,1,5,1000,2,7,5,5
"32",20,65,1,4,1500,5,3,2,3
"33",20,30,1,6,1000,2,7,4,4
"34",10,51,2,4,NA,3,4,3,3
"35",15,50,1,4,NA,4,7,4,3
"36",20,35,1,3,NA,3,NA,5,5
"37",20,33,1,5,1000,4,NA,4,4
"38",3,33,1,6,500,2,7,4,4
"39",10,34,1,3,NA,5,6,1,1
"40",10,56,1,4,NA,3,5,5,5
"41",10,64,1,4,NA,2,7,6,6
"42",20,56,1,4,NA,1,9,6,6
"43",10,29,1,6,NA,4,6,5,5
"44",10,36,1,6,500,2,7,6,4
"45",11,38,1,6,NA,2,4,3,5
"46",6,79,1,4,1000,2,7,3,5
"47",20,56,2,5,700,4,5,2,3
"48",20,73,1,4,NA,4,4,3,3
"49",10,58,1,4,NA,4,4,3,3
"50",10,37,1,4,1500,4,6,5,6
"51",20,34,1,5,1000,3,NA,5,5
"52",10,59,2,5,NA,5,7,1,1
"53",20,48,1,3,NA,3,7,5,4
"54",20,65,1,5,NA,2,6,3,3
"55",20,40,1,4,NA,2,7,4,4
"56",20,34,1,4,NA,2,7,4,4
"57",10,37,2,4,500,5,1,1,1
"58",10,34,1,4,500,1,6,6,6
"59",20,59,1,4,NA,4,6,5,4
"60",20,34,1,3,NA,3,6,6,5
"61",20,29,1,4,NA,2,7,6,6
"62",10,43,1,2,NA,5,2,2,1
"63",8,50,1,4,NA,3,3,NA,5
"64",20,44,1,2,1500,2,NA,4,4
"65",15,34,1,5,NA,2,5,4,5
"66",15,60,1,4,500,3,8,3,3
"67",20,52,1,4,NA,5,5,2,2
"68",20,59,1,4,NA,4,7,4,3
"69",15,59,1,4,500,2,7,3,5
"70",6,49,1,4,2000,4,3,1,1
"71",20,53,1,4,1500,4,7,3,4
"72",20,26,1,5,2000,4,6,4,5
"73",20,37,1,5,2000,4,NA,6,5
"74",18,49,1,4,NA,2,7,4,3
"75",20,45,1,3,NA,5,3,3,3
"76",20,30,1,5,500,4,6,3,3
"77",10,55,1,4,2000,4,NA,3,4
"78",10,33,1,5,NA,4,4,3,3
"79",15,40,1,4,NA,4,8,4,4
"80",10,68,1,2,NA,4,7,3,2
"81",20,43,1,6,NA,4,5,3,4
"82",10,38,1,6,NA,5,NA,NA,NA
"83",20,52,1,5,NA,2,7,3,3
"84",7,44,1,5,1500,2,6,2,3
"85",15,78,1,5,500,2,NA,3,5
"86",5,71,1,6,500,2,5,5,4
"87",20,30,1,5,NA,3,7,4,3
"88",7,55,1,4,NA,3,6,4,4
"89",5,30,2,5,NA,4,7,4,4
"90",20,70,1,4,NA,3,7,2,2
"91",10,58,1,2,1500,4,8,4,4
"92",6,67,2,6,NA,3,8,5,4
"93",10,46,2,5,1600,3,6,4,3
"94",20,34,1,5,1500,3,7,5,4
"95",20,68,2,4,NA,4,5,3,3
"96",20,49,1,4,NA,4,4,3,2
"97",20,60,1,4,NA,3,8,2,2
"98",20,66,2,5,NA,2,6,4,4
"99",10,35,1,3,1500,2,7,4,4
"100",20,71,2,4,NA,4,7,4,3
"101",5,39,2,3,200,3,4,3,1
"102",20,60,1,4,NA,2,5,3,2
"103",5,57,2,3,NA,1,5,4,4
"104",10,59,1,5,1000,4,3,3,3
"105",20,70,1,4,NA,2,5,2,3
"106",10,29,2,3,1000,4,4,2,1
"107",3,49,2,4,500,5,4,1,2
"108",10,55,2,5,NA,4,7,2,3
"109",20,57,1,5,3000,3,7,2,3
"110",20,73,1,4,NA,4,6,2,3
"111",20,61,1,5,NA,3,9,6,7
"112",20,84,1,5,NA,2,8,3,5
"113",NA,71,1,4,NA,2,5,7,5
"114",4,71,1,1,NA,2,8,8,6
"115",NA,56,1,4,NA,3,5,6,6
"116",4,30,1,6,NA,2,6,9,7
"117",6,57,1,4,NA,2,8,7,6
"118",15,42,1,3,1000,4,NA,2,2
"119",8,58,1,5,500,2,7,4,4
"120",8,65,1,5,NA,3,5,5,4
"121",10,63,1,4,NA,3,9,5,5
"122",20,46,1,5,NA,2,8,5,6
"123",2,59,1,5,250,4,6,4,1
"124",10,40,1,6,NA,3,5,4,4
"125",20,41,1,2,NA,2,7,6,3
"126",20,65,1,2,NA,4,NA,NA,NA
"127",10,38,2,3,500,2,8,2,3
"128",3,71,1,3,NA,NA,5,1,5
"129",12,63,1,2,NA,2,7,4,5
"130",10,61,1,NA,500,3,NA,NA,NA
"131",20,44,1,2,NA,5,NA,1,1
"132",20,44,1,2,NA,2,6,4,6
"133",15,43,2,3,NA,2,5,4,3
"134",30,46,1,4,1500,5,2,3,3
"135",10,67,1,2,NA,3,5,2,4
"136",20,69,1,6,NA,2,7,7,8
"137",10,47,2,6,NA,3,8,7,4
"138",13,47,1,5,NA,4,4,2,2
"139",6,32,1,4,NA,2,3,3,3
"140",15,46,1,4,NA,3,NA,5,3
"141",8,46,2,4,650,3,8,5,2
"142",8,49,2,4,NA,3,9,2,5
"143",20,52,1,4,NA,4,9,1,4
"144",12,29,1,4,NA,3,9,3,3
"145",10,49,2,4,NA,4,4,4,3
"146",10,40,1,5,2000,3,6,4,4
"147",25,33,2,4,3000,3,5,3,5
"148",6,56,1,4,1500,3,4,4,4
"149",10,53,2,4,NA,5,3,3,3
"150",20,44,1,4,NA,3,5,4,3
"151",20,30,1,5,2000,5,6,5,4
"152",20,64,1,4,NA,5,6,4,5
"153",5,36,2,3,NA,3,8,4,5
"154",20,33,1,2,NA,3,8,7,5
"155",20,60,1,4,NA,3,7,4,4
"156",20,50,1,3,NA,3,5,5,5
"157",10,64,1,4,NA,3,6,5,4
"158",15,56,1,2,NA,4,6,6,4
"159",10,56,1,1,1500,5,2,2,2
"160",10,52,2,4,1000,3,7,3,3
"161",10,28,2,4,1000,3,7,4,4
"162",15,46,1,2,2000,4,5,2,NA
"163",7,31,1,6,500,2,5,3,2
"164",5,43,2,6,NA,3,6,6,5
"165",15,73,1,4,NA,2,NA,6,6
"166",20,49,1,4,NA,1,NA,NA,NA
"167",NA,54,1,4,NA,NA,NA,NA,NA
"168",12,54,1,4,NA,1,5,4,3
"169",NA,48,1,5,NA,3,NA,NA,NA
"170",15,38,1,4,NA,2,7,7,7
"171",20,53,1,4,NA,4,4,4,3
"172",15,59,1,3,NA,2,3,2,1
"173",20,61,1,4,NA,2,4,4,4
"174",20,66,1,4,NA,1,6,4,2
"175",15,29,1,6,1000,3,7,5,4
"176",10,55,1,4,1000,4,6,4,4
"177",15,60,1,4,1000,3,7,4,4
"178",20,36,1,6,1500,3,7,4,4
"179",15,52,1,4,NA,4,6,4,3
"180",20,29,1,4,NA,5,6,3,3
"181",10,35,1,3,NA,2,9,5,5
"182",12,42,1,3,NA,4,8,3,3
"183",11,36,1,4,NA,3,9,5,5
"184",30,34,1,4,3000,2,6,4,4
"185",5,62,1,2,NA,3,6,4,4
"186",7,56,1,3,NA,3,7,4,4
"187",10,31,1,4,NA,3,6,4,4
"188",10,46,1,4,1000,3,6,4,4
"189",10,37,2,5,600,3,7,4,4
"190",10,36,1,5,NA,2,7,5,4
"191",10,45,2,3,1500,2,7,6,6
"192",20,28,1,3,NA,2,NA,6,4
"193",20,64,1,4,NA,2,8,5,5
"194",20,41,1,4,NA,2,7,5,3
"195",20,62,1,6,500,2,8,6,4
"196",10,35,1,4,1000,2,7,5,4
"197",20,50,2,5,NA,2,7,4,1
"198",20,62,1,4,NA,2,7,4,3
"199",3,31,2,3,500,3,5,2,2
"200",20,58,1,4,NA,4,5,1,2
"201",NA,66,1,5,NA,2,6,4,2
"202",20,61,1,4,500,3,4,4,2
"203",20,36,1,4,500,4,3,2,1
"204",15,59,1,5,NA,3,3,3,3
"205",15,63,1,6,500,2,3,3,3
"206",12,81,1,4,NA,5,5,4,2
"207",20,57,1,5,NA,3,6,5,3
"208",NA,33,1,5,NA,3,7,5,3
"209",9,71,1,4,NA,3,6,5,3
"210",10,68,1,4,NA,2,9,5,5
"211",8,32,2,6,2000,2,5,5,5
"212",15,37,2,6,1000,1,6,4,4
"213",10,67,2,5,NA,5,7,2,2
"214",8,44,2,4,700,3,NA,3,3
"215",2,83,1,3,NA,3,NA,2,2
"216",20,71,1,6,NA,4,3,3,3
"217",10,43,2,6,NA,1,NA,3,3
"218",5,55,1,2,NA,3,6,2,4
"219",20,35,2,6,NA,2,6,4,6
"220",10,35,1,6,3000,2,8,4,4
"221",20,62,1,3,NA,2,NA,3,3
"222",20,63,2,4,NA,4,3,2,5
"223",20,41,1,4,1000,1,6,3,4
"224",20,32,1,2,NA,3,6,5,4
"225",20,49,1,5,500,4,NA,3,3
"226",15,52,1,4,NA,4,5,3,3
"227",30,27,1,4,NA,2,7,4,4
"228",8,41,2,4,NA,2,6,5,4
"229",10,63,1,5,NA,4,6,2,2
"230",10,37,1,4,1500,3,6,2,3
"231",10,38,1,6,1500,2,5,5,5
"232",10,32,1,5,NA,2,7,3,3
"233",15,54,1,4,1000,2,7,5,5
"234",10,25,1,5,NA,4,5,2,2
"235",9,46,2,4,NA,4,5,2,2
"236",20,32,1,4,1000,3,7,5,5
"237",15,51,2,3,500,2,5,1,2
"238",15,30,1,4,1000,3,6,4,5
"239",8,53,1,2,NA,2,5,3,3
"240",10,31,2,6,NA,3,6,5,3
"241",20,47,1,6,500,3,7,2,4
"242",20,49,1,6,NA,2,8,7,6
"243",3,63,1,4,NA,2,3,6,6
"244",40,46,1,6,NA,2,6,6,5
"245",20,46,1,5,1000,2,7,3,4
"246",8,65,2,5,200,3,4,3,4
"247",20,54,1,4,NA,4,7,3,3
"248",10,55,2,4,500,2,7,4,3
"249",6,36,2,4,1000,4,7,5,4
"250",10,69,2,4,1500,1,7,5,5
"251",7,40,1,4,2000,4,7,4,4
"252",10,31,1,4,1000,4,6,4,4
"253",20,39,1,6,1000,3,NA,4,3
"254",20,36,1,6,1000,4,4,1,3
"255",4,48,1,4,1000,2,4,4,3
"256",40,64,1,5,NA,2,8,5,6
"257",20,42,1,4,2000,2,NA,5,4
"258",10,56,2,5,NA,5,NA,3,2
"259",12,61,2,4,500,4,5,1,2
"260",NA,46,2,2,400,5,2,1,1
"261",15,45,1,2,500,3,6,2,3
"262",10,44,2,4,500,3,5,1,4
"263",10,56,1,4,1500,4,5,5,5
"264",6,44,2,3,1500,2,5,2,2
"265",20,49,1,4,NA,5,8,1,1
"266",20,44,1,3,1000,2,2,1,1
"267",3,48,2,4,500,4,5,4,4
"268",20,57,1,3,NA,4,4,3,3
"269",10,55,1,4,NA,4,NA,NA,NA
"270",30,55,1,2,NA,3,8,3,4
"271",30,50,1,3,1500,3,5,3,6
"272",15,54,2,4,NA,4,4,4,2
"273",10,34,1,4,NA,5,4,4,2
"274",10,72,2,4,NA,3,5,2,2
"275",20,60,1,4,NA,2,5,2,2
"276",7,49,2,5,NA,3,7,2,3
"277",7,31,1,6,NA,3,6,5,4
"278",40,42,1,4,200,3,6,3,1
"279",20,43,1,3,NA,2,5,5,5
"280",7,22,2,4,NA,3,5,5,5
"281",20,50,1,5,NA,3,9,4,3
"282",6,23,1,5,800,4,8,3,4
"283",20,45,2,5,NA,3,7,4,3
"284",10,49,1,4,NA,4,8,3,4
"285",7,50,2,3,NA,2,8,8,8
"286",12,47,1,4,500,2,8,8,8
"287",5,60,2,6,500,2,7,4,4
"288",4,46,1,5,NA,2,5,4,3
"289",5,59,1,4,NA,2,5,8,6
"290",NA,42,1,4,NA,2,5,5,6
"291",5,83,1,6,200,1,9,9,6
"292",20,68,1,4,NA,4,6,4,4
"293",20,51,1,4,NA,2,6,7,5
"294",17,73,1,1,1000,4,5,4,5
"295",20,60,1,6,NA,3,7,4,4
"296",10,65,2,5,NA,5,NA,1,2
"297",15,53,1,4,NA,2,5,5,4
"298",17,41,1,4,NA,2,7,6,6
"299",7,22,2,5,1500,2,6,5,5
"300",30,51,1,5,NA,2,7,6,5
"301",10,24,1,4,1000,4,NA,3,2
"302",10,47,1,3,NA,5,6,2,2
"303",6,49,2,4,NA,4,7,1,1
"304",15,59,2,4,1000,4,7,3,3
"305",12,57,1,4,1000,2,8,5,3
"306",20,60,1,4,NA,4,5,3,2
"307",2,53,1,5,NA,3,6,4,4
"308",20,49,1,5,NA,2,8,5,5
"309",20,22,1,5,NA,3,6,1,2
"310",15,23,2,5,NA,2,5,3,5
"311",40,60,1,4,500,3,5,2,2
"312",10,35,1,3,500,2,5,5,4
"313",10,22,1,5,700,3,5,4,4
"314",20,25,1,4,500,3,5,4,3
"315",15,61,1,4,1500,3,7,NA,NA
"316",12,68,1,4,1000,3,8,5,4
"317",20,42,2,6,NA,4,3,5,5
"318",30,66,1,4,NA,2,3,2,6
"319",20,66,1,5,NA,2,9,5,5
"320",10,53,2,4,NA,2,9,5,5
"321",20,33,1,5,NA,2,9,6,5
"322",20,22,1,4,NA,2,7,6,6
"323",10,24,2,5,1000,4,5,3,1
"324",10,21,1,5,NA,3,6,3,5
"325",NA,21,1,5,NA,2,6,5,5
"326",23,72,1,4,1500,2,6,3,3
"327",10,56,1,3,NA,2,NA,3,4
"328",15,32,1,6,NA,3,8,5,4
"329",15,52,1,6,3000,3,5,5,3
"330",20,19,2,3,500,3,5,5,4
"331",20,43,1,4,500,3,6,6,6
"332",20,30,1,3,500,5,4,4,4
"333",7,20,2,4,NA,2,NA,NA,NA
"334",10,31,1,3,NA,3,5,4,4
"335",7,52,2,4,NA,2,NA,NA,NA
"336",7,21,1,5,1000,3,7,4,2
"337",5,21,1,5,500,3,7,6,3
"338",5,46,2,5,1500,5,3,3,1
"339",15,23,1,3,1500,5,3,1,1
"340",10,61,1,4,NA,5,1,1,1
"341",20,42,1,6,NA,3,7,6,6
"342",10,42,2,5,NA,2,6,5,5
"343",5,71,2,5,NA,2,7,5,5
"344",20,43,2,2,NA,2,8,6,6
"345",15,40,1,4,1000,3,5,6,6
"346",20,48,1,5,NA,3,7,4,3
"347",10,53,2,5,NA,3,6,4,4
"348",10,27,1,4,1500,3,5,4,4
"349",5,64,1,4,NA,2,4,4,3
"350",15,50,1,6,1500,3,7,5,3
"351",15,24,1,5,NA,1,6,3,4
"352",15,24,1,5,NA,1,6,3,5
"353",20,50,2,3,NA,3,3,4,4
"354",10,49,2,4,NA,4,5,1,6
"355",NA,30,2,3,NA,4,7,5,5
"356",15,61,1,5,NA,5,5,3,3
"357",20,54,1,6,1000,1,9,8,8
"358",10,57,1,4,1000,4,5,4,4
"359",20,62,1,5,NA,3,4,4,3
"360",20,50,1,5,NA,1,7,5,5
"361",8,45,1,4,1000,2,5,3,5
"362",20,85,1,3,NA,4,6,4,3
"363",20,48,1,4,NA,2,4,3,1
"364",20,63,1,3,1000,2,4,3,2
"365",40,42,1,3,NA,2,7,6,7
"366",15,51,2,4,NA,4,2,2,2
"367",12,40,1,4,NA,5,5,3,2
"368",40,46,2,4,NA,3,8,2,2
"369",10,46,2,5,NA,1,9,9,5
"370",5,20,1,6,NA,4,7,6,7
"371",5,51,2,4,NA,4,NA,2,2
"372",15,47,2,6,NA,3,8,5,4
"373",2,41,2,4,1500,4,7,5,3
"374",20,56,1,6,NA,4,8,4,3
"375",20,56,1,5,NA,2,7,3,3
"376",5,68,2,4,NA,3,5,5,4
"377",5,76,1,4,NA,3,6,5,4
"378",5,41,2,6,NA,2,6,5,4
"379",30,61,1,5,2000,3,8,2,4
"380",3,38,1,3,4000,3,4,2,2
"381",5,88,1,2,500,2,5,4,2
"382",15,42,2,6,NA,2,8,3,2
"383",10,65,2,6,NA,2,9,3,2
"384",10,21,1,5,NA,2,8,4,3
"385",10,68,2,6,NA,3,8,4,3
"386",5,71,2,6,NA,2,5,3,3
"387",5,53,2,6,NA,2,5,3,3
"388",10,45,2,4,NA,NA,3,1,1
"389",NA,19,1,3,500,5,2,1,1
"390",5,19,2,5,500,3,8,4,5
"391",10,29,2,6,1000,2,4,3,6
"392",10,24,2,5,NA,3,6,5,3
"393",25,49,2,2,NA,3,8,6,5
"394",5,31,2,4,NA,2,5,4,3
"395",30,53,2,6,NA,5,7,7,5
"396",20,27,2,6,NA,2,6,5,5
"397",10,58,1,6,1000,3,3,2,2
"398",10,50,2,5,NA,2,7,6,3
"399",10,40,1,6,NA,3,7,7,5
"400",20,58,1,6,300,2,7,5,5
"401",20,40,1,4,NA,2,2,2,2
"402",20,43,1,3,1500,3,7,3,3
"403",20,48,1,4,1000,4,6,3,3
"404",10,50,2,6,1000,3,6,6,6
"405",10,44,1,4,1000,3,5,3,4
"406",20,56,1,4,NA,3,7,3,3
"407",10,52,1,4,NA,4,7,3,3
"408",30,43,1,3,500,2,8,7,7
"409",20,51,1,4,NA,2,7,3,5
"410",NA,49,1,2,1000,5,NA,NA,NA
"411",10,18,1,3,1500,4,6,6,5
"412",15,37,2,3,500,3,5,2,4
"413",17,46,1,2,NA,4,6,4,3
"414",10,23,1,4,500,4,5,1,2
"415",NA,46,1,4,NA,4,NA,1,2
"416",20,51,1,4,1500,5,4,2,1
"417",10,43,2,4,500,4,1,1,1
"418",30,40,1,3,NA,1,3,3,2
"419",20,38,1,1,NA,2,NA,5,5
"420",12,60,1,6,NA,3,7,3,3
"421",15,33,1,5,NA,2,9,5,6
"422",20,57,2,4,NA,3,5,3,3
"423",15,38,1,2,1800,5,6,3,3
"424",10,19,2,3,NA,3,7,4,4
"425",2,18,2,5,500,5,7,5,4
"426",20,51,2,5,NA,2,9,3,3
"427",40,47,1,4,1000,3,NA,3,1
"428",20,63,1,5,500,2,5,3,3
"429",20,59,2,5,NA,2,7,4,4
"430",20,37,2,5,NA,2,6,5,4
"431",14,77,1,6,NA,2,6,6,5
"432",12,31,2,4,NA,4,9,5,4
"433",12,64,2,6,NA,2,9,4,3
"434",5,64,2,6,NA,4,NA,3,3
"435",20,64,2,4,NA,3,4,3,3
"436",7,41,2,4,1000,4,5,3,3
"437",20,44,1,4,1000,4,NA,4,4
"438",7,48,1,3,500,2,4,4,3
"439",18,24,2,5,1000,2,6,6,4
"440",2,64,2,6,NA,2,6,6,5
"441",20,48,1,4,NA,2,8,6,6
"442",10,79,2,6,NA,3,NA,3,3
"443",20,56,1,4,1500,3,7,5,5
"444",20,52,1,4,NA,1,5,4,3
"445",10,65,1,4,500,3,7,7,5
"446",10,52,1,5,NA,2,7,1,2
"447",10,41,2,3,NA,4,3,3,3
"448",20,54,2,2,NA,3,6,3,3
"449",20,29,1,2,NA,4,NA,NA,NA
"450",NA,44,1,4,NA,2,7,7,6
"451",5,63,2,5,NA,3,NA,2,5
"452",9,52,2,2,NA,1,9,5,7
"453",10,46,1,4,1000,3,8,6,4
"454",7,60,2,6,NA,2,7,4,3
"455",10,63,1,6,NA,2,6,4,6
"456",20,65,1,2,NA,2,7,4,4
"457",20,29,2,3,3000,3,8,3,3
"458",3,42,2,6,NA,2,9,4,3
"459",12,40,2,4,3000,2,9,7,5
"460",20,43,1,3,4000,1,5,2,1
"461",20,70,1,4,1000,2,8,6,4
"462",12,69,2,4,3000,2,7,3,4
"463",20,42,1,6,3000,2,8,6,5
"464",1,28,2,5,1000,2,8,5,7
"465",20,55,1,4,2000,1,6,5,3
"466",12,53,2,4,1000,2,6,5,3
"467",12,46,2,4,1000,2,8,6,3
"468",20,30,1,6,1000,3,7,5,4
"469",10,32,1,6,1000,2,8,5,5
"470",20,42,1,5,NA,2,8,4,3
"471",25,74,1,6,1000,2,5,3,3
"472",5,72,2,5,NA,3,8,3,3
"473",NA,51,2,4,NA,4,4,3,4
"474",7,51,2,4,1000,3,5,2,2
"475",2,37,1,3,1500,2,6,3,3
"476",30,37,1,4,2000,2,8,7,7
"477",10,60,1,5,NA,4,8,3,4
"478",10,38,1,6,1000,2,7,5,5
"479",20,31,2,4,1000,2,7,2,1
"480",10,76,2,1,NA,4,3,2,2
"481",10,40,1,5,1000,4,7,4,4
"482",10,19,1,5,1000,3,9,3,3
"483",10,50,2,5,NA,2,8,4,NA
"484",15,51,1,5,1000,2,7,5,3
"485",20,38,2,6,1000,3,5,4,4
"486",10,49,2,5,NA,4,6,3,3
"487",10,67,1,4,NA,2,7,4,4
"488",20,62,1,4,1000,2,5,3,2
"489",4,69,2,4,NA,4,2,2,2
"490",10,45,1,5,NA,2,7,4,4
"491",6,65,1,4,1000,4,5,5,5
"492",5,68,2,5,NA,3,8,3,3
"493",5,46,2,6,NA,2,8,4,4
"494",15,57,1,4,NA,4,8,2,2
"495",15,15,1,3,6000,3,8,6,4
"496",20,53,2,6,NA,1,6,4,4
"497",20,53,1,2,1000,3,6,3,2
"498",20,60,1,6,NA,3,7,2,2
"499",10,55,1,6,NA,4,4,3,3
"500",40,67,1,4,NA,4,4,3,3
"501",10,52,2,4,1500,5,4,3,2
"502",14,37,2,4,2500,4,3,4,5
"503",2,21,1,4,1500,2,8,5,5
"504",10,67,1,6,NA,1,8,8,4
"505",12,30,1,4,NA,2,8,7,3
"506",15,44,1,6,500,2,4,4,4
"507",20,49,1,5,NA,2,8,3,4
"508",5,43,1,6,NA,2,9,3,5
"509",8,35,2,6,1500,2,8,3,5
"510",10,55,1,4,NA,3,NA,5,2
"511",10,34,2,3,1500,2,8,4,5
"512",20,49,1,5,NA,2,8,6,6
"513",10,45,2,6,NA,2,8,6,6
"514",10,21,1,6,NA,2,8,6,6
"515",12,53,2,3,NA,5,5,1,2
"516",20,47,2,4,NA,1,9,3,5
"517",20,51,1,4,1000,1,9,3,5
"518",25,28,1,4,1500,3,7,4,6
"519",10,67,2,4,1500,5,3,2,2
"520",20,36,1,2,3000,2,4,4,4
"521",20,51,1,6,NA,4,7,3,3
"522",16,52,1,4,2000,1,7,6,3
"523",5,15,1,2,NA,2,7,5,2
"524",14,62,1,5,NA,2,7,6,5
"525",7,65,1,6,NA,2,7,4,3
"526",20,62,2,5,NA,4,5,1,1
"527",10,59,1,4,NA,2,7,7,5
"528",25,20,1,6,NA,3,NA,3,4
"529",15,24,1,4,NA,3,5,6,4
"530",15,58,1,4,NA,2,7,4,4
"531",20,51,1,4,NA,3,6,3,3
"532",10,29,2,5,NA,3,6,4,3
"533",20,39,1,4,2500,2,7,4,4
"534",10,33,2,4,NA,2,7,4,4
"535",18,52,2,4,NA,4,7,4,4
"536",12,70,1,4,NA,4,7,4,3
"537",10,56,2,3,NA,3,6,3,3
"538",20,24,2,3,NA,2,7,4,4
"539",15,65,2,4,NA,3,7,3,2
"540",20,41,1,4,NA,2,7,5,5
"541",30,61,1,4,NA,2,8,6,6
"542",30,58,1,4,1000,2,7,4,3
"543",15,23,1,3,1000,2,6,6,6
"544",20,68,1,4,NA,3,7,3,3
"545",3,62,1,3,NA,2,9,4,3
"546",20,42,1,4,2000,4,6,2,2
"547",40,68,1,4,NA,4,7,2,1
"548",15,42,1,4,2000,4,5,1,NA
"549",2,65,1,5,NA,3,6,3,3
"550",15,40,1,5,NA,3,7,5,3
"551",20,68,1,6,NA,2,7,5,5
"552",8,69,2,5,NA,5,7,2,3
"553",20,37,2,3,200,4,5,4,4
"554",20,19,2,5,300,2,7,4,4
"555",20,43,1,3,1500,2,6,6,5
"556",20,59,1,4,NA,4,7,5,4
"557",20,24,1,5,1000,4,NA,NA,NA
"558",10,48,1,6,NA,2,6,5,5
"559",20,48,1,5,NA,2,3,2,3
"560",20,32,1,6,NA,2,9,4,4
"561",10,48,1,4,NA,3,8,4,4
"562",12,69,1,3,NA,3,6,3,2
"563",20,51,1,4,NA,3,4,4,4
"564",20,42,1,3,500,5,2,2,1
"565",20,65,1,4,NA,2,6,5,4
"566",20,41,2,5,NA,4,9,3,3
"567",20,45,1,4,2000,3,9,4,2
"568",10,61,2,5,1000,5,9,2,1
"569",40,62,1,4,NA,3,7,4,5
"570",20,37,2,3,NA,4,4,3,1
"571",10,17,1,3,NA,5,7,5,5
"572",10,71,1,4,NA,2,9,3,2
"573",20,41,1,4,NA,5,7,5,3
"574",10,64,1,5,NA,4,3,4,5
"575",20,63,1,4,NA,2,7,6,6
"576",10,23,1,5,NA,2,5,5,5
"577",20,47,2,6,500,2,7,5,5
"578",15,28,2,5,NA,3,NA,4,4
"579",10,72,1,5,NA,2,9,5,5
"580",20,33,2,2,1000,2,6,3,3
"581",20,31,1,3,NA,3,7,2,5
"582",20,28,1,5,2000,2,7,4,4
"583",30,51,1,5,3000,3,6,3,3
"584",15,29,1,5,2000,2,5,3,3
"585",20,54,1,2,1000,3,6,4,4
"586",20,56,1,5,NA,2,7,4,3
"587",10,38,1,3,NA,4,3,3,3
"588",10,36,1,4,NA,5,3,4,4
"589",10,52,1,5,NA,4,5,4,4
"590",5,39,2,5,NA,1,8,3,5
"591",20,44,1,6,NA,3,NA,NA,NA
"592",20,39,1,2,1500,2,5,2,2
"593",20,37,1,2,1500,4,5,2,2
"594",15,67,1,4,NA,4,4,2,2
"595",20,53,1,5,NA,2,4,4,4
"596",10,69,1,5,1000,4,5,2,2
"597",20,36,2,3,NA,3,5,4,3
"598",10,39,2,3,1500,3,5,2,2
"599",5,81,1,4,NA,3,6,5,3
"600",8,54,2,4,1500,4,8,4,5
"601",5,57,1,4,1000,4,3,4,2
"602",20,39,1,3,NA,2,5,1,3
"603",8,65,1,4,1500,3,6,5,4
"604",NA,44,1,4,NA,3,7,NA,NA
"605",25,68,1,2,NA,4,7,2,2
"606",20,41,1,4,NA,4,6,2,2
"607",15,25,1,3,1000,2,5,5,5
"608",8,33,1,5,1500,2,6,5,3
"609",10,70,1,4,NA,2,8,4,4
"610",2,33,1,3,NA,4,NA,2,2
"611",15,68,1,1,NA,5,3,1,1
"612",10,43,2,3,NA,NA,7,2,6
"613",10,25,1,3,NA,3,NA,3,5
"614",20,45,2,2,NA,2,9,4,2
"615",12,52,1,2,500,3,5,3,5
"616",10,21,1,3,NA,3,7,5,5
"617",20,67,1,6,NA,4,5,3,3
"618",3,54,2,4,1500,2,7,3,5
"619",6,56,2,5,NA,2,6,4,4
"620",20,48,2,4,1500,2,9,4,2
"621",20,58,1,4,NA,4,3,3,3
"622",10,50,2,6,1000,3,6,5,4
"623",20,47,1,2,500,3,7,5,5
"624",20,45,1,4,NA,2,4,2,2
"625",15,52,2,4,NA,2,6,3,4
"626",20,41,1,4,1000,2,5,3,5
"627",10,77,1,5,NA,2,4,2,1
"628",10,41,1,5,1500,2,6,4,3
"629",15,48,1,6,NA,1,6,4,4
"630",20,61,1,4,1000,3,NA,NA,NA
"631",15,73,1,4,NA,2,8,5,5
"632",NA,41,1,4,NA,4,NA,NA,NA
"633",15,60,1,4,1000,1,4,3,2
"634",10,62,1,4,NA,2,4,4,4
"635",30,54,1,4,NA,2,5,5,5
"636",20,53,1,4,NA,2,5,6,4
"637",11,58,1,4,NA,2,8,6,6
"638",15,36,1,6,NA,2,9,3,5
"639",12,38,1,4,NA,1,9,5,9
"640",11,43,1,5,NA,2,8,5,5
"641",5,67,1,4,NA,4,5,5,5
"642",30,69,1,5,1500,1,7,5,5
"643",10,50,2,5,NA,1,8,3,4
"644",5,64,1,4,NA,2,7,4,4
"645",20,58,2,5,NA,3,6,2,2
"646",10,58,2,5,NA,2,7,6,5
"647",20,36,1,4,500,3,5,4,5
"648",10,58,2,4,NA,3,8,3,4
"649",20,38,1,4,1500,3,6,3,4
"650",18,61,1,4,NA,5,4,3,2
"651",20,28,1,4,NA,3,7,6,6
"652",40,54,1,4,NA,3,8,3,3
"653",10,62,1,4,1500,2,5,5,5
"654",20,62,1,4,NA,4,7,5,6
"655",15,57,1,4,NA,2,5,5,4
"656",20,65,2,4,NA,2,5,4,2
"657",10,67,1,3,NA,2,8,5,5
"658",10,59,1,1,NA,3,NA,NA,NA
"659",5,44,1,5,200,1,7,7,5
"660",20,58,1,4,NA,2,7,5,3
"661",2,64,1,2,NA,2,5,2,2
"662",20,66,1,4,NA,3,NA,3,3
"663",7,51,2,2,NA,1,5,1,4
"664",20,66,2,3,NA,4,4,3,1
"665",40,47,1,4,2000,5,1,1,1
"666",20,71,1,6,200,3,3,2,2
"667",5,62,2,6,125,2,8,3,3
"668",30,43,1,3,1500,2,8,5,3
"669",6,85,2,6,NA,2,8,3,2
"670",15,63,1,2,NA,4,NA,NA,NA
"671",5,67,1,4,NA,3,8,6,5
"672",10,48,1,4,500,3,4,2,3
"673",7,42,2,4,NA,2,7,4,3
"674",10,44,1,4,1000,2,9,4,3
"675",4,30,2,5,NA,2,7,3,4
"676",10,33,1,6,500,2,7,5,4
"677",20,57,1,5,NA,4,7,3,3
"678",5,59,1,3,NA,2,6,6,4
"679",10,33,1,6,500,2,5,5,4
"680",5,41,1,5,NA,3,8,2,3
"681",16,61,2,6,NA,2,9,4,5
"682",20,51,2,6,NA,2,8,3,3
"683",15,69,2,6,NA,3,4,3,3
"684",7,26,1,6,NA,4,5,3,3
"685",30,44,1,6,NA,5,8,5,7
"686",20,37,1,5,NA,5,5,4,3
"687",10,60,2,4,500,4,4,2,3
"688",10,41,1,5,1000,4,2,3,3
"689",10,34,2,6,NA,2,NA,NA,NA
"690",20,35,2,5,NA,5,1,1,3
"691",NA,45,1,5,NA,5,4,3,4
"692",20,55,1,4,500,3,3,3,4
"693",40,58,1,2,NA,2,5,4,3
"694",15,44,1,4,1500,2,4,2,4
"695",10,66,1,6,1350,1,8,5,3
"696",20,49,1,4,1500,3,NA,4,4
"697",10,36,1,5,NA,2,7,5,4
"698",20,33,1,4,NA,2,7,6,5
"699",8,40,1,6,NA,4,7,5,5
"700",40,49,1,4,NA,3,6,3,3
"701",10,67,1,6,1500,4,7,4,3
"702",15,62,2,6,NA,4,6,4,4
"703",15,61,1,6,NA,3,5,3,3
"704",10,51,2,4,2000,5,5,3,2
"705",20,80,1,4,NA,3,6,3,4
"706",5,46,1,5,1000,2,5,3,3
"707",16,30,2,6,NA,3,6,4,4
"708",2,31,2,2,3000,4,8,5,5
"709",10,65,1,4,NA,3,4,2,3
"710",15,61,1,5,NA,2,6,5,4
"711",20,58,2,6,NA,3,6,5,4
"712",20,32,2,5,NA,4,5,4,3
"713",20,53,1,4,1000,3,NA,5,5
"714",15,21,1,3,NA,2,5,2,2
"715",10,33,2,4,1000,3,7,2,5
"716",5,42,2,4,1000,2,4,4,4
"717",20,55,1,2,2000,2,8,2,5
"718",20,49,1,4,500,2,NA,NA,NA
"719",20,24,1,6,NA,1,6,4,6
"720",15,38,1,5,NA,NA,NA,NA,NA
"721",30,62,1,2,1500,2,6,6,4
"722",20,47,1,2,NA,2,7,6,7
"723",10,42,2,4,NA,1,9,4,5
"724",10,46,1,6,500,2,8,5,4
"725",20,39,1,4,1500,2,5,4,3
"726",40,59,1,6,NA,2,7,5,5
"727",10,71,1,3,NA,3,6,2,3
"728",10,71,2,5,NA,4,4,3,3
"729",10,50,2,4,500,2,5,3,3
"730",10,58,1,4,NA,2,5,3,3
"731",10,21,1,3,1000,2,5,4,4
"732",10,43,2,6,NA,2,8,6,6
"733",10,35,1,6,1000,3,8,5,4
"734",10,71,2,2,500,2,8,5,3
"735",13,38,2,4,NA,3,5,5,5
"736",15,68,1,5,NA,3,5,4,4
"737",20,68,1,4,NA,4,7,7,4
"738",20,44,1,4,1000,4,7,3,4
"739",5,58,2,5,NA,2,9,3,3
"740",20,37,1,4,1000,2,NA,4,4
"741",40,45,1,3,NA,2,5,5,5
"742",15,23,1,4,500,2,7,5,6
"743",20,54,1,4,NA,3,7,3,3
"744",15,26,2,3,NA,2,5,3,3
"745",5,53,2,6,1500,2,7,3,3
"746",10,29,1,3,1500,3,5,5,4
"747",4,39,1,4,NA,2,6,5,4
"748",10,59,1,6,NA,2,8,4,5
"749",15,57,1,4,NA,1,9,2,5
"750",15,44,1,4,NA,3,6,3,3
"751",10,68,2,4,NA,4,6,3,3
"752",15,41,1,4,1500,2,8,4,3
"753",10,62,1,4,NA,1,9,5,5
"754",15,31,1,5,NA,1,8,5,3
"755",10,43,2,3,NA,4,5,4,3
"756",15,35,1,5,1500,4,6,5,5
"757",15,51,1,5,1000,2,8,5,4
"758",20,50,2,4,NA,5,4,1,3
"759",12,50,1,5,NA,3,7,4,3
"760",10,41,1,6,2000,1,9,5,5
"761",3,19,1,5,1000,2,8,5,6
"762",15,55,1,4,NA,2,5,2,3
"763",20,37,2,6,NA,2,8,3,3
"764",5,51,2,2,NA,2,6,4,3
"765",6,40,1,4,1000,4,4,2,2
"766",10,36,1,4,NA,4,7,5,5
"767",15,45,2,4,NA,4,NA,1,3
"768",13,19,2,3,1000,4,5,3,6
"769",10,72,1,5,NA,3,NA,3,3
"770",30,46,1,5,500,4,5,3,4
"771",30,35,1,5,NA,2,7,5,5
"772",20,39,1,6,NA,3,7,4,4
"773",3,67,2,5,NA,2,4,3,5
"774",30,38,1,4,NA,2,6,5,5
"775",15,56,2,5,NA,2,8,5,5
"776",20,28,1,4,NA,4,6,6,3
"777",50,49,1,4,NA,3,3,4,4
"778",20,37,1,4,1000,2,NA,4,5
"779",15,59,1,4,NA,3,NA,5,5
"780",10,34,1,4,NA,4,4,4,4
"781",20,54,1,4,NA,3,NA,NA,NA
"782",20,30,1,6,1500,5,4,3,4
"783",5,59,2,4,NA,2,7,5,4
"784",10,34,2,3,1500,3,8,2,3
"785",20,48,1,4,1500,4,8,2,3
"786",15,55,1,4,1000,3,NA,2,3
"787",5,26,1,6,1000,3,NA,5,3
"788",10,38,2,4,NA,3,7,3,4
"789",40,49,1,4,5000,2,4,3,6
"790",15,40,1,3,NA,2,7,7,7
"791",18,39,1,4,NA,NA,NA,NA,NA
"792",15,57,1,5,NA,2,6,5,6
"793",20,38,2,5,NA,5,6,1,2
"794",20,54,1,4,NA,2,7,4,4
"795",20,38,1,4,4000,3,9,5,4
"796",15,43,2,4,NA,3,3,2,2
"797",20,48,1,4,1000,2,3,3,3
"798",10,59,2,5,600,4,8,2,2
"799",20,66,2,5,NA,4,5,2,2
"800",10,43,2,4,1000,2,6,4,5
"801",15,55,1,5,1500,3,5,3,3
"802",20,36,1,3,NA,3,7,4,3
"803",5,40,2,4,NA,2,5,3,3
"804",20,63,1,5,NA,3,6,5,5
"805",12,67,2,5,NA,2,7,5,6
"806",20,74,1,4,NA,2,NA,7,7
"807",25,47,2,5,NA,2,8,5,6
"808",20,48,2,5,NA,5,NA,3,3
"809",25,34,1,5,NA,2,7,NA,5
"810",20,40,1,3,NA,4,6,5,3
"811",15,64,1,4,NA,3,6,7,5
"812",20,59,1,4,1500,2,8,4,5
"813",10,35,1,2,NA,2,7,2,2
"814",20,69,1,4,NA,3,6,5,5
"815",40,64,1,4,1000,5,4,2,2
"816",10,51,2,4,NA,5,4,3,2
"817",4,38,1,6,NA,4,7,5,3
"818",10,51,2,6,NA,2,6,5,5
"819",10,30,1,6,NA,2,5,5,5
"820",10,54,1,4,500,2,7,3,3
"821",10,53,1,6,200,2,6,5,5
"822",20,58,2,4,NA,2,7,5,3
"823",5,52,1,6,NA,4,6,2,3
"824",15,36,1,5,2000,3,5,5,5
"825",10,46,1,4,NA,3,5,4,4
"826",20,53,1,4,NA,3,6,NA,4
"827",10,32,2,4,NA,1,7,4,5
"828",10,54,2,4,NA,2,8,4,4
"829",20,51,1,3,NA,2,8,7,5
"830",20,45,1,6,NA,3,5,5,5
"831",10,72,1,5,NA,4,4,4,4
"832",10,36,1,4,1500,4,8,3,3
"833",10,45,1,6,500,3,5,6,5
"834",5,17,1,3,NA,4,4,NA,NA
"835",20,60,1,4,NA,3,NA,2,4
"836",10,69,2,5,NA,5,4,3,3
"837",40,48,1,3,2500,4,4,2,1
"838",40,58,1,2,NA,3,4,4,4
"839",10,47,1,4,NA,2,7,5,7
"840",15,46,1,3,NA,3,NA,NA,NA
"841",10,41,1,3,1000,2,8,7,5
"842",10,19,1,3,1500,2,4,5,3
"843",4,36,2,4,500,4,6,5,5
"844",20,40,1,3,NA,5,6,3,2
"845",30,34,1,3,500,1,7,7,7
"846",15,33,2,3,NA,1,8,5,7
"847",30,46,1,5,NA,4,5,3,3
"848",15,36,1,4,NA,2,7,4,4
"849",10,41,1,5,NA,2,7,5,3
"850",20,53,1,4,NA,2,5,5,4
"851",20,53,1,4,500,3,9,6,5
"852",30,31,2,4,1500,1,6,7,5
"853",20,23,1,3,NA,2,5,6,3
"854",10,24,1,3,NA,2,6,6,3
"855",10,63,1,4,NA,4,8,5,4
"856",7,42,2,3,NA,2,6,6,6
"857",20,20,1,4,NA,NA,6,6,6
"858",20,43,1,4,500,2,5,1,2
"859",4,38,2,5,NA,2,6,4,3
"860",10,44,1,3,NA,5,NA,4,3
"861",20,63,1,4,NA,5,5,1,1
"862",10,29,1,3,NA,2,5,2,3
"863",20,46,1,5,NA,2,6,2,4
"864",20,30,1,4,1500,3,8,5,6
"865",20,50,2,6,500,2,7,7,6
"866",10,57,1,4,1500,4,3,1,3
"867",20,57,1,4,NA,5,3,3,1
"868",30,38,1,2,1500,5,3,2,1
"869",8,41,2,5,NA,4,3,3,3
"870",20,21,1,5,1000,2,4,5,4
"871",10,55,1,4,NA,3,6,2,2
"872",8,64,1,4,NA,2,8,3,5
"873",20,45,1,4,NA,1,8,3,5
"874",10,43,1,3,NA,2,5,5,5
"875",20,57,1,4,NA,4,5,5,5
"876",20,36,1,4,NA,4,4,4,4
"877",10,80,1,4,NA,3,5,5,5
"878",10,23,1,4,1000,3,NA,NA,NA
"879",20,49,1,6,NA,2,7,4,4
"880",6,33,1,6,1000,4,6,4,4
"881",10,49,1,3,NA,3,NA,NA,NA
"882",10,15,1,3,NA,2,NA,5,5
"883",20,41,1,3,1000,3,7,5,5
"884",20,58,1,2,NA,2,6,4,5
"885",20,50,1,3,1000,5,9,1,1
"886",20,47,1,3,NA,3,5,4,4
"887",20,22,1,3,500,4,9,7,5
"888",12,23,1,5,500,2,9,5,5
"889",5,33,2,5,NA,3,5,5,1
"890",15,35,1,4,NA,4,8,6,4
"891",20,68,1,6,NA,4,5,2,2
"892",20,41,1,4,NA,5,7,4,3
"893",20,55,1,3,NA,2,9,5,5
"894",10,53,1,4,NA,3,7,2,4
"895",15,64,1,4,NA,5,6,3,3
"896",10,83,1,5,NA,5,4,2,3
"897",20,45,1,5,NA,4,5,5,5
"898",NA,37,1,3,NA,2,9,9,9
"899",10,62,1,4,NA,5,6,4,4
"900",20,43,1,5,NA,4,5,2,3
"901",10,48,1,6,NA,3,6,7,7
"902",20,49,2,4,NA,NA,7,5,4
"903",15,42,1,6,300,3,6,5,4
"904",20,39,1,6,500,2,8,4,4
"905",15,54,1,4,NA,4,5,2,2
"906",20,52,1,4,NA,2,3,4,4
"907",NA,49,1,4,NA,3,NA,NA,NA
"908",20,46,1,4,NA,3,8,6,6
"909",15,51,1,4,NA,3,6,4,3
"910",20,48,1,4,500,2,7,6,5
"911",20,21,1,4,500,2,7,6,5
"912",20,46,1,4,NA,2,7,6,6
"913",20,30,1,3,500,4,6,6,4
"914",20,57,1,4,NA,5,5,6,3
"915",NA,22,1,4,NA,3,6,6,7
"916",20,49,1,5,NA,5,NA,5,1
"917",15,30,1,3,NA,4,7,5,5
"918",10,56,2,4,NA,4,8,4,5
"919",20,54,1,5,NA,2,7,5,6
"920",10,71,1,5,NA,3,7,5,3
"921",15,66,1,4,NA,4,3,1,1
"922",10,38,1,2,NA,3,7,3,3
"923",15,37,1,4,1000,4,7,3,3
"924",15,61,1,2,1500,4,7,3,3
"925",20,64,1,6,1000,3,7,5,5
"926",5,50,1,5,NA,3,7,5,5
"927",40,56,1,4,1000,4,3,1,1
"928",6,32,2,4,1000,3,7,5,5
"929",6,59,1,4,NA,3,9,5,5
"930",10,48,1,6,NA,4,NA,3,3
"931",10,61,1,6,NA,5,2,2,2
"932",10,29,1,4,NA,4,2,2,2
"933",NA,61,1,3,NA,3,8,7,5
"934",3,25,1,4,1500,3,8,5,5
"935",6,26,1,5,1000,3,7,6,4
"936",10,71,1,5,NA,2,7,6,5
"937",10,21,1,5,2000,5,NA,4,3
"938",20,61,1,4,NA,3,6,5,4
"939",6,60,1,5,NA,3,7,2,2
"940",20,37,1,6,3500,2,8,5,6
"941",20,58,2,4,NA,5,8,1,3
"942",20,46,1,4,NA,2,7,2,5
"943",20,45,1,4,NA,2,8,4,3
"944",11,30,2,6,500,1,6,5,5
"945",30,59,2,4,NA,5,7,5,1
"946",20,60,1,4,2000,3,5,2,3
"947",20,64,1,4,1500,4,5,2,2
"948",20,65,1,4,2000,3,5,3,3
"949",10,29,2,4,NA,2,4,5,5
"950",20,50,2,5,NA,5,2,2,2
"951",20,27,2,4,NA,3,2,3,3
"952",7,72,2,5,200,2,5,4,2
"953",20,41,1,3,NA,2,6,3,3
"954",5,43,2,4,NA,3,6,3,4
"955",20,60,1,3,NA,2,4,4,4
"956",15,18,1,3,1000,4,5,3,3
"957",20,42,1,3,NA,3,5,2,2
"958",20,21,1,3,NA,2,5,2,2
"959",6,71,1,4,100,3,8,5,5
"960",20,62,1,4,NA,2,5,4,5
"961",20,47,1,2,1500,2,5,2,2
"962",20,40,1,3,1500,2,5,3,3
"963",20,43,1,5,NA,3,NA,NA,NA
"964",20,50,1,5,1500,3,5,3,3
"965",4,38,2,4,NA,3,6,8,7
"966",7,29,1,4,NA,3,8,4,3
"967",3,61,1,6,1500,4,NA,4,2
"968",20,44,1,5,1500,3,6,5,4
"969",10,63,1,6,NA,2,6,4,4
"970",10,41,2,6,3000,2,6,5,4
"971",20,60,2,4,NA,3,5,4,3
"972",20,55,1,4,NA,3,6,3,3
"973",3,53,1,4,1000,2,6,4,4
"974",10,45,1,4,3000,2,5,5,3
"975",3,65,1,6,NA,3,8,4,5
"976",20,35,1,6,1500,3,6,4,4
"977",15,70,2,6,NA,2,3,3,3
"978",10,44,1,6,1500,4,3,3,3
"979",15,69,1,5,1000,2,3,3,3
"980",10,66,1,5,NA,3,7,7,7
"981",10,18,1,4,3000,2,8,2,3
"982",20,45,2,5,1500,2,7,2,2
"983",30,62,1,4,NA,2,7,2,3
"984",20,62,1,4,NA,3,6,2,3
"985",20,43,1,3,NA,5,5,2,2
"986",NA,32,1,6,NA,2,5,7,6
"987",10,47,2,5,NA,4,7,2,4
"988",20,57,1,4,3000,3,5,1,5
"989",15,37,2,4,1500,4,6,4,4
"990",15,57,1,4,NA,2,6,5,3
"991",10,63,1,4,NA,3,9,3,2
"992",10,64,1,4,NA,5,5,1,1
"993",20,47,1,4,1000,2,NA,1,1
"994",10,62,1,2,NA,3,5,3,4
"995",4,54,2,2,NA,4,NA,1,2
"996",10,57,1,4,NA,5,6,1,1
"997",20,52,1,4,NA,3,4,1,5
"998",10,36,1,5,NA,3,NA,2,2
"999",20,25,1,4,NA,2,7,6,5
"1000",15,34,1,4,NA,4,7,7,7
"1001",15,58,1,4,NA,3,5,6,6
"1002",20,28,1,5,500,3,5,5,5
"1003",12,42,1,4,500,3,5,2,3
"1004",12,55,1,5,500,3,5,2,3
"1005",5,47,1,5,1000,3,8,4,4
"1006",20,34,2,4,1300,4,3,4,3
"1007",20,44,1,4,1500,4,5,5,2
"1008",10,41,2,5,NA,4,7,5,5
"1009",20,22,1,5,1500,3,7,5,3
"1010",20,42,1,4,1000,3,7,6,6
"1011",10,47,1,4,1500,2,6,5,4
"1012",10,47,1,4,1000,4,6,5,5
"1013",40,60,1,2,NA,3,4,5,5
"1014",20,29,1,5,1500,3,8,5,7
"1015",15,47,1,3,1500,4,4,2,2
"1016",20,43,1,4,1000,1,7,3,3
"1017",20,65,1,5,1500,2,6,2,3
"1018",20,51,1,2,1500,4,6,2,3
"1019",20,36,1,6,NA,2,6,4,4
"1020",20,46,1,4,NA,2,7,2,3
"1021",15,45,2,4,NA,2,5,2,3
"1022",20,44,1,5,1500,2,5,5,3
"1023",20,47,1,4,1500,2,5,2,3
"1024",13,63,2,5,NA,2,5,4,5
"1025",20,69,1,6,NA,4,7,4,4
"1026",10,64,2,4,NA,4,7,5,4
"1027",12,63,1,4,NA,2,7,5,4
"1028",7,55,1,5,NA,3,4,4,3
"1029",20,59,2,4,NA,4,7,2,3
"1030",10,66,2,5,NA,2,9,7,4
"1031",10,35,1,4,500,2,8,8,5
"1032",NA,22,2,4,1000,3,4,2,3
"1033",20,69,2,4,NA,4,5,2,2
"1034",NA,62,2,4,500,2,5,5,5
"1035",20,32,1,5,NA,3,6,6,4
"1036",10,36,1,4,NA,4,7,5,4
"1037",20,31,2,3,3000,2,5,4,5
"1038",40,32,1,3,5000,2,4,3,6
"1039",4,53,1,6,1000,2,7,4,4
"1040",15,66,1,5,3000,4,8,3,3
"1041",15,45,1,6,NA,2,7,5,5
"1042",15,22,1,3,1500,2,NA,NA,NA
"1043",50,57,1,4,NA,1,7,7,7
"1044",10,41,2,1,1500,3,7,1,1
"1045",10,56,1,3,NA,1,9,3,3
"1046",20,67,1,5,NA,2,7,5,5
"1047",10,60,1,4,NA,5,5,2,2
"1048",10,66,1,4,1500,2,7,5,5
"1049",15,62,1,4,NA,2,5,3,3
"1050",15,60,1,2,NA,3,5,2,2
"1051",20,64,1,2,NA,5,2,1,1
"1052",18,22,1,3,NA,3,5,3,4
"1053",10,36,1,3,NA,3,5,4,3
"1054",15,39,1,2,1000,2,7,5,5
"1055",10,42,2,2,500,2,8,3,4
"1056",10,68,1,4,NA,2,8,2,4
"1057",8,50,2,2,1000,4,NA,1,2
"1058",20,55,1,3,1500,5,5,4,2
"1059",20,25,1,3,NA,5,7,4,1
"1060",20,28,1,3,1000,2,5,4,3
"1061",10,35,1,4,NA,5,NA,4,1
"1062",20,46,1,4,NA,3,9,5,3
"1063",10,63,1,4,NA,3,4,1,1
"1064",20,49,1,4,1000,5,5,3,3
"1065",10,66,2,4,NA,5,7,1,1
"1066",12,46,2,2,NA,3,7,6,6
"1067",20,58,1,4,NA,3,5,5,5
"1068",20,52,1,4,NA,5,3,3,1
"1069",11,56,1,6,500,2,6,1,1
"1070",20,49,1,4,NA,3,5,4,5
"1071",15,49,2,4,NA,3,5,3,4
"1072",20,28,1,3,1500,4,3,2,2
"1073",20,39,1,5,1500,4,3,2,1
"1074",15,58,1,5,NA,1,4,4,2
"1075",20,70,1,2,NA,2,4,4,2
"1076",15,62,1,4,NA,2,7,6,6
"1077",10,38,1,4,NA,2,7,5,5
"1078",15,50,1,4,NA,5,4,3,2
"1079",12,41,2,3,NA,3,4,3,1
"1080",15,45,1,4,NA,2,7,6,6
"1081",15,51,1,5,NA,2,8,6,6
"1082",15,57,1,4,NA,2,7,6,6
"1083",18,34,1,5,NA,2,3,3,2
"1084",20,63,1,2,NA,2,NA,3,2
"1085",20,37,1,4,NA,2,6,6,5
"1086",10,43,1,6,500,3,7,5,3
"1087",16,66,1,4,NA,3,6,3,3
"1088",10,51,1,4,NA,3,6,3,3
"1089",12,48,1,4,NA,2,9,5,5
"1090",10,55,1,4,NA,2,6,4,4
"1091",10,38,1,5,NA,3,7,5,4
"1092",5,55,1,5,NA,3,7,4,4
"1093",5,42,1,4,NA,3,6,4,3
"1094",15,64,1,4,NA,3,9,5,6
"1095",5,55,2,5,1000,2,5,5,5
"1096",20,30,1,6,1000,2,6,6,6
"1097",6,41,1,3,NA,2,9,7,6
"1098",15,57,2,5,1000,3,7,5,4
"1099",10,39,1,5,NA,3,7,4,4
"1100",15,57,2,5,NA,4,6,4,3
"1101",10,40,1,5,1000,3,7,4,4
"1102",15,49,2,5,500,3,6,4,3
"1103",10,28,2,4,NA,3,7,4,4
"1104",30,48,1,4,NA,3,6,3,4
"1105",3,39,2,6,500,2,7,5,3
"1106",20,32,1,4,1000,3,7,4,3
"1107",15,30,1,4,NA,4,6,5,3
"1108",30,34,1,5,2000,4,7,3,3
"1109",10,61,2,5,NA,2,5,5,4
"1110",10,48,1,6,1000,3,4,3,3
"1111",30,49,1,5,2000,3,5,3,3
"1112",20,57,1,4,NA,3,8,2,3
"1113",8,70,1,5,NA,1,7,4,4
"1114",25,59,1,4,1500,3,3,3,3
"1115",13,28,2,5,NA,1,6,4,5
"1116",2,44,2,5,500,4,7,3,1
"1117",10,66,1,3,NA,2,7,3,5
"1118",5,23,1,5,NA,3,7,5,5
"1119",20,38,2,4,1000,4,6,2,4
"1120",10,54,2,4,NA,2,5,5,4
"1121",10,40,2,4,1000,5,4,2,2
"1122",3,31,2,5,NA,3,4,4,4
"1123",20,31,1,3,NA,2,5,3,4
"1124",20,67,1,4,NA,4,7,7,4
"1125",22,50,1,6,1000,2,7,6,3
"1126",12,41,2,5,2000,1,8,6,5
"1127",20,59,1,4,2000,1,6,7,5
"1128",20,61,1,4,3000,2,5,4,3
"1129",20,66,1,3,NA,1,4,6,4
"1130",10,41,2,6,NA,2,7,6,4
"1131",20,33,1,6,2000,4,5,2,2
"1132",8,57,2,5,NA,4,7,7,6
"1133",30,42,1,4,3000,2,4,4,3
"1134",10,50,2,6,NA,3,6,6,3
"1135",10,17,1,3,NA,2,5,4,4
"1136",7,16,2,3,NA,2,5,3,3
"1137",20,59,1,4,NA,3,7,5,5
"1138",12,26,2,5,NA,3,2,2,4
"1139",5,55,2,5,NA,3,5,4,3
"1140",4,54,2,6,300,3,5,4,4
"1141",10,49,1,4,5000,2,5,4,3
"1142",4,62,1,6,NA,2,8,6,5
"1143",15,59,2,6,NA,2,8,5,7
"1144",10,67,1,4,NA,3,5,3,2
"1145",10,50,2,6,NA,4,5,3,3
"1146",15,48,1,5,1000,4,6,3,3
"1147",10,27,2,4,NA,3,5,5,4
"1148",10,66,2,5,NA,2,6,3,3
"1149",20,38,1,6,1000,2,8,5,5
"1150",10,45,2,4,1000,3,5,4,3
"1151",15,26,1,4,500,2,5,4,4
"1152",25,48,1,6,500,2,7,5,4
"1153",25,66,1,4,1000,3,4,2,3
"1154",15,41,2,6,NA,2,5,4,4
"1155",10,58,1,4,NA,2,6,4,4
"1156",20,39,1,4,500,3,4,3,3
"1157",5,62,2,4,NA,4,6,1,2
"1158",10,61,2,5,NA,2,7,5,5
"1159",15,33,2,6,500,2,8,5,6
"1160",10,49,1,6,500,3,5,3,2
"1161",30,46,1,6,2000,2,5,4,4
"1162",1,72,1,6,NA,2,5,2,5
"1163",10,42,2,4,NA,2,8,8,5
"1164",20,65,1,6,NA,2,8,7,6
"1165",3,33,2,6,NA,2,7,5,5
"1166",11,41,2,4,NA,2,6,3,3
"1167",2,20,2,5,NA,4,6,6,4
"1168",10,63,1,5,NA,5,5,3,4
"1169",4,82,1,6,300,4,NA,5,5
"1170",30,31,1,4,NA,3,3,4,4
"1171",12,32,1,3,1500,2,5,3,3
"1172",10,54,1,4,500,4,NA,2,2
"1173",40,32,1,4,500,2,5,4,4
"1174",10,49,1,5,NA,2,8,4,3
"1175",25,56,1,4,500,5,NA,3,2
"1176",20,34,1,4,1000,4,NA,4,3
"1177",20,42,2,5,1500,4,6,3,3
"1178",5,30,2,4,NA,4,5,5,1
"1179",2,45,2,3,NA,4,8,5,4
"1180",15,50,2,6,NA,2,9,5,5
"1181",NA,59,1,4,NA,3,6,3,4
"1182",10,33,1,4,500,4,4,4,3
"1183",10,48,1,4,750,4,5,3,3
"1184",6,65,2,4,NA,4,7,4,2
"1185",6,22,1,5,500,4,6,3,3
"1186",NA,39,1,5,500,3,4,2,2
"1187",20,64,1,4,NA,3,3,3,3
"1188",20,32,1,4,NA,2,9,5,5
"1189",20,68,1,3,1000,2,6,2,3
"1190",10,40,1,5,500,4,7,6,6
"1191",20,44,1,4,1000,3,7,5,4
"1192",18,39,1,3,NA,3,6,4,4
"1193",15,66,1,5,500,2,6,5,5
"1194",10,40,1,4,NA,3,8,4,4
"1195",20,46,1,2,1500,2,5,4,3
"1196",10,43,2,5,1500,2,6,6,5
"1197",20,38,1,6,NA,1,8,7,4
"1198",8,70,1,3,NA,3,3,3,3
"1199",10,38,1,5,NA,2,6,5,5
"1200",20,38,1,3,NA,3,5,5,5
"1201",40,42,1,3,500,3,8,6,5
"1202",20,46,1,4,500,4,6,4,4
"1203",7,67,2,4,500,3,6,4,3
"1204",10,33,1,4,500,3,5,3,3
"1205",20,69,1,5,NA,4,7,1,2
"1206",20,40,1,3,NA,4,5,5,5
"1207",10,55,2,5,500,3,5,3,3
"1208",10,36,1,6,1000,4,4,6,4
"1209",10,38,1,4,2000,3,7,5,5
"1210",15,39,1,4,1000,5,4,1,3
"1211",20,65,1,4,NA,2,5,3,3
"1212",15,40,1,6,1500,4,6,4,4
"1213",30,34,1,4,2000,2,7,4,5
"1214",2,14,1,2,NA,1,7,5,5
"1215",20,32,1,4,NA,3,8,6,5
"1216",7,45,2,6,NA,4,6,3,3
"1217",20,34,1,4,NA,5,4,4,1
"1218",20,33,1,5,1000,3,8,4,3
"1219",20,41,1,6,NA,2,9,7,7
"1220",20,31,1,5,450,4,5,3,3
"1221",4,43,1,6,NA,2,7,6,6
"1222",20,67,1,4,NA,2,8,5,5
"1223",20,32,1,4,2000,3,6,4,NA
"1224",10,65,1,6,NA,2,8,6,4
"1225",7,36,2,6,NA,1,5,5,4
"1226",10,33,2,6,NA,4,7,5,2
"1227",25,42,1,3,NA,4,4,3,3
"1228",10,31,2,4,1000,3,NA,1,3
"1229",12,33,1,5,2000,3,NA,NA,5
"1230",10,36,1,3,2000,3,NA,NA,NA
"1231",20,46,1,3,NA,3,9,2,2
"1232",5,38,2,1,NA,3,6,2,3
"1233",7,20,2,5,1000,2,8,3,3
"1234",5,19,1,3,1000,2,8,3,5
"1235",12,27,1,3,3000,2,NA,NA,NA
"1236",12,45,1,6,NA,2,5,1,5
"1237",15,36,1,4,3000,3,9,4,4
"1238",7,31,2,4,NA,3,9,6,5
"1239",20,68,1,3,NA,3,7,5,5
"1240",7,41,2,4,NA,2,7,5,5
"1241",20,45,1,6,1500,3,7,7,4
"1242",10,39,2,4,NA,3,4,7,4
"1243",10,28,2,6,NA,2,7,5,4
"1244",10,74,1,6,NA,2,6,4,4
"1245",15,53,1,5,NA,2,4,3,4
"1246",20,41,2,5,NA,1,6,2,2
"1247",20,57,2,4,NA,2,8,2,3
"1248",15,59,2,4,NA,3,8,2,2
"1249",15,48,1,4,NA,3,6,2,4
"1250",10,54,2,5,NA,4,8,3,5
"1251",5,39,2,3,NA,2,5,2,2
"1252",5,72,1,3,NA,4,8,4,6
"1253",15,27,1,5,500,4,7,3,3
"1254",20,68,1,6,NA,2,5,3,3
"1255",4,48,2,4,500,5,3,3,3
"1256",20,47,1,4,1500,5,7,2,2
"1257",10,45,2,6,NA,4,4,4,4
"1258",15,37,1,6,NA,2,7,3,5
"1259",10,32,2,4,500,2,7,2,6
"1260",5,19,1,5,1000,2,5,4,5
"1261",20,34,2,4,NA,5,NA,1,3
"1262",10,58,2,5,NA,5,5,1,1
"1263",30,51,1,6,1500,2,9,7,6
"1264",20,27,1,5,1500,4,6,5,5
"1265",20,26,1,6,1000,4,5,5,5
"1266",20,67,1,3,1500,5,4,1,1
"1267",20,29,1,5,500,2,5,5,5
"1268",10,43,2,5,500,3,8,3,2
"1269",5,47,2,4,NA,5,5,2,4
"1270",40,49,1,5,NA,4,6,4,4
"1271",15,30,1,4,1000,2,8,7,7
"1272",15,51,1,5,NA,2,8,6,6
"1273",15,36,1,5,NA,4,7,4,4
"1274",12,38,1,6,1000,2,7,5,3
"1275",20,41,2,4,1500,2,5,4,4
"1276",15,43,1,3,NA,3,8,3,4
"1277",15,44,2,3,NA,3,7,4,4
"1278",15,32,1,3,1500,4,8,4,5
"1279",15,35,1,6,NA,5,8,6,6
"1280",20,40,2,3,NA,1,7,2,2
"1281",10,44,2,5,NA,2,6,5,4
"1282",10,34,2,5,NA,1,8,5,4
"1283",15,33,1,3,NA,3,9,5,4
"1284",20,42,1,6,1500,3,9,6,6
"1285",15,75,1,2,NA,5,5,5,3
"1286",10,41,1,6,1000,3,7,6,5
"1287",15,42,1,5,NA,5,5,3,2
"1288",18,58,1,4,NA,5,5,4,3
"1289",5,44,2,5,NA,4,6,5,2
"1290",5,21,1,4,NA,4,5,5,4
"1291",10,51,2,6,NA,2,8,5,6
"1292",4,32,1,6,1500,2,7,4,4
"1293",3,36,2,6,NA,3,5,3,5
"1294",20,69,2,6,NA,4,6,3,3
"1295",5,29,1,5,NA,3,6,5,5
"1296",2,76,2,6,NA,2,6,3,4
"1297",20,59,1,5,500,3,5,5,1
"1298",30,71,2,4,NA,2,3,4,3
"1299",4,43,2,5,NA,1,8,3,5
"1300",15,29,1,4,1000,3,6,5,3
"1301",20,42,1,6,1000,2,5,3,3
"1302",25,47,2,4,NA,1,4,3,3
"1303",10,82,2,5,NA,1,8,2,6
"1304",7,65,2,6,NA,2,5,4,4
"1305",13,68,2,5,NA,2,8,6,5
"1306",20,67,1,5,1500,3,5,4,4
"1307",15,45,2,6,NA,2,8,7,6
"1308",3,22,1,5,NA,2,7,5,3
"1309",10,55,2,4,NA,4,5,3,3
"1310",5,69,2,6,NA,2,8,3,3
"1311",10,42,2,4,NA,4,7,4,5
"1312",20,49,1,4,NA,2,8,3,4
"1313",20,39,2,4,1000,3,7,3,3
"1314",40,55,1,4,NA,3,NA,2,3
"1315",20,31,1,4,2000,2,5,5,5
"1316",20,26,1,5,1500,3,6,3,3
"1317",12,71,1,4,NA,3,6,5,5
"1318",10,51,2,4,NA,2,5,1,5
"1319",10,53,1,4,NA,3,4,3,3
"1320",10,38,1,4,1500,2,5,5,5
"1321",20,29,1,6,NA,4,NA,1,3
"1322",20,55,2,5,NA,3,6,3,3
"1323",9,47,1,3,500,3,6,1,4
"1324",20,44,1,3,3000,4,5,5,2
"1325",10,35,1,4,2000,2,7,3,5
"1326",15,38,2,4,NA,1,7,3,5
"1327",20,53,1,4,NA,2,6,8,6
"1328",15,52,2,5,1000,2,6,5,4
"1329",15,38,1,5,1000,2,7,5,5
"1330",10,36,2,5,200,2,8,4,5
"1331",2,41,2,5,3000,5,8,3,2
"1332",6,20,1,5,2000,3,7,5,5
"1333",17,41,2,4,NA,2,8,6,5
"1334",5,22,1,5,500,4,5,4,4
"1335",20,54,2,6,NA,2,5,2,2
"1336",30,58,2,6,NA,2,7,4,3
"1337",20,32,1,4,500,4,4,2,3
"1338",10,43,2,4,2500,4,5,3,3
"1339",13,52,2,4,NA,2,6,5,3
"1340",20,37,1,4,NA,2,7,3,3
"1341",20,58,1,4,NA,2,8,5,4
"1342",10,46,2,4,2000,4,9,3,2
"1343",8,45,1,4,NA,4,6,4,4
"1344",10,43,1,3,NA,4,2,2,2
"1345",10,54,2,3,NA,3,7,7,3
"1346",4,53,2,5,NA,4,2,3,3
"1347",15,60,1,6,NA,2,5,4,4
"1348",20,32,1,3,1000,2,5,5,5
"1349",10,62,1,6,500,5,5,2,2
"1350",20,74,2,6,NA,4,7,2,2
"1351",20,50,2,6,NA,4,6,5,3
"1352",15,48,1,6,NA,5,7,2,2
"1353",10,54,2,5,NA,5,5,4,3
"1354",10,34,1,5,500,3,5,4,4
"1355",3,38,2,4,NA,4,4,2,3
"1356",20,47,1,4,NA,3,4,2,3
"1357",20,57,1,5,NA,2,5,5,5
"1358",15,38,1,5,1000,2,7,7,5
"1359",20,33,1,4,2500,2,4,2,2
"1360",20,49,1,6,NA,2,5,4,4
"1361",8,37,2,6,2000,2,5,5,4
"1362",10,40,1,5,NA,2,8,6,4
"1363",10,56,1,4,NA,5,2,1,1
"1364",10,66,1,2,NA,2,4,3,3
"1365",20,40,1,5,1000,5,3,1,3
"1366",20,30,1,3,NA,3,6,5,5
"1367",15,44,1,4,1000,3,6,5,4
"1368",8,49,1,4,NA,1,9,7,5
"1369",10,52,2,6,NA,2,6,5,5
"1370",15,60,1,4,1000,4,7,5,5
"1371",10,69,1,5,1000,2,5,3,2
"1372",10,70,1,5,NA,2,7,5,5
"1373",10,59,1,4,1500,3,7,3,3
"1374",8,47,1,4,1000,3,7,5,3
"1375",10,67,1,4,NA,2,5,4,4
"1376",15,39,1,3,NA,3,5,2,3
"1377",20,58,1,1,NA,3,6,2,2
"1378",20,45,1,5,NA,2,7,6,5
"1379",10,56,1,4,NA,2,7,5,4
"1380",15,37,1,6,1500,1,6,6,6
"1381",5,70,2,4,NA,5,7,1,1
"1382",20,65,1,4,NA,4,7,3,5
"1383",10,62,2,6,NA,2,4,4,4
"1384",15,64,1,6,NA,1,6,4,5
"1385",4,36,1,5,NA,3,5,5,3
"1386",15,67,1,5,1000,2,3,3,3
"1387",15,64,1,6,1500,2,4,3,3
"1388",20,53,1,5,NA,1,6,2,3
"1389",8,61,1,5,1500,4,9,1,1
"1390",5,47,2,4,NA,3,9,3,1
"1391",20,44,1,3,NA,4,5,2,2
"1392",20,39,2,4,1000,4,8,2,2
"1393",NA,44,1,4,1000,2,9,4,3
"1394",6,46,2,4,500,3,6,5,3
"1395",2,60,1,4,NA,2,7,5,5
"1396",20,43,2,4,NA,3,NA,6,4
"1397",20,43,1,6,1500,2,8,6,6
"1398",10,65,2,4,NA,5,5,3,3
"1399",13,53,1,4,NA,5,7,5,4
"1400",10,48,1,4,NA,4,3,NA,NA
"1401",10,57,1,4,NA,2,5,4,4
"1402",15,42,1,2,1000,2,5,2,2
"1403",20,45,1,4,NA,2,8,5,5
"1404",10,58,1,4,NA,4,5,5,5
"1405",10,41,2,6,NA,3,8,1,1
"1406",20,35,2,5,NA,1,6,4,6
"1407",20,57,1,4,1000,2,7,6,6
"1408",10,50,2,4,NA,3,5,1,1
"1409",15,48,1,3,1000,4,4,4,3
"1410",10,53,2,6,300,2,7,7,5
"1411",15,55,1,5,500,2,7,7,5
"1412",20,64,1,4,NA,4,5,3,2
"1413",15,43,1,6,NA,1,6,6,5
"1414",10,37,1,6,700,2,6,5,4
"1415",8,36,2,6,NA,4,5,4,2
"1416",12,37,2,5,500,4,5,3,4
"1417",20,50,1,4,NA,3,8,4,4
"1418",12,32,1,6,NA,2,9,3,4
"1419",5,64,1,4,NA,2,8,8,7
"1420",15,66,2,6,NA,5,8,6,4
"1421",20,29,2,5,NA,2,7,2,2
"1422",20,21,1,5,500,2,9,5,5
"1423",20,57,2,5,1000,4,7,3,3
"1424",20,31,2,4,NA,3,3,2,3
"1425",10,46,2,4,NA,4,7,4,3
"1426",20,48,1,3,NA,3,7,4,3
"1427",20,29,1,3,NA,4,8,5,3
"1428",15,51,1,4,NA,2,7,5,4
"1429",10,24,1,5,NA,2,7,6,4
"1430",10,43,1,6,500,3,3,3,2
"1431",7,71,2,6,NA,1,9,6,6
"1432",30,39,1,4,NA,1,9,2,1
"1433",20,63,2,3,NA,1,5,4,5
"1434",20,64,1,4,NA,3,8,2,4
"1435",5,48,1,4,660,5,3,2,1
"1436",15,34,1,4,1000,2,5,4,5
"1437",15,42,1,4,1000,2,6,5,4
"1438",10,74,1,4,500,1,7,4,3
"1439",12,76,1,5,500,2,6,4,4
"1440",20,54,1,4,1000,3,5,3,3
"1441",15,62,2,5,NA,2,6,4,4
"1442",7,55,2,5,500,2,5,5,5
"1443",15,38,2,5,NA,3,7,5,5
"1444",10,57,2,4,1000,1,9,5,5
"1445",5,25,2,6,NA,2,7,5,5
"1446",NA,14,2,2,NA,1,5,4,5
"1447",10,76,2,6,2000,4,5,5,2
"1448",20,70,1,6,2000,3,6,4,3
"1449",15,66,1,6,NA,3,7,7,4
"1450",7,58,1,6,NA,3,4,5,4
"1451",5,42,2,6,NA,4,9,5,6
"1452",6,53,1,4,500,3,7,5,5
"1453",4,56,2,4,NA,4,8,5,2
"1454",10,47,2,5,NA,2,8,4,4
"1455",7,48,2,3,NA,3,7,4,2
"1456",7,58,2,4,NA,2,9,6,4
"1457",20,59,1,4,500,2,8,4,4
"1458",10,31,2,5,NA,3,9,5,6
"1459",20,61,2,6,NA,2,5,3,3
"1460",20,32,2,5,NA,3,6,6,3
"1461",15,47,1,5,NA,3,5,4,4
"1462",10,39,2,3,NA,1,6,4,5
"1463",5,45,1,5,NA,1,6,5,5
"1464",10,54,2,6,NA,2,5,3,4
"1465",20,58,2,5,500,1,5,5,3
"1466",NA,23,2,6,NA,2,5,5,3
"1467",15,46,1,4,2000,4,2,2,2
"1468",15,30,1,6,500,3,6,5,5
"1469",20,66,1,6,1000,3,5,3,2
"1470",20,53,1,5,NA,2,7,5,5
"1471",5,32,1,4,NA,2,7,7,4
"1472",10,58,1,5,1000,4,8,8,4
"1473",12,35,2,5,NA,4,8,7,1
"1474",5,52,2,4,500,3,7,7,7
"1475",20,40,1,4,NA,2,3,4,5
"1476",15,58,1,5,NA,2,8,8,6
"1477",20,43,1,4,NA,4,3,2,3
"1478",20,27,1,6,NA,4,5,3,4
"1479",10,74,2,5,NA,2,8,5,4
"1480",15,46,1,4,1000,5,3,3,2
"1481",15,41,2,4,NA,3,5,3,3
"1482",20,23,1,5,1000,2,7,4,4
"1483",10,36,1,3,NA,4,6,2,2
"1484",12,37,2,4,NA,1,6,4,4
"1485",5,56,2,4,NA,2,7,3,3
"1486",20,58,2,5,NA,3,7,5,5
"1487",20,55,1,4,NA,1,8,5,5
"1488",20,40,2,3,NA,2,8,3,6
"1489",20,44,1,3,NA,1,9,3,3
"1490",20,21,1,3,NA,2,5,5,5
"1491",25,45,2,2,NA,1,7,6,4
"1492",20,50,1,5,NA,2,8,7,6
"1493",20,25,1,5,1000,1,8,6,6
"1494",10,32,2,4,350,2,7,5,6
"1495",5,34,1,3,2000,4,5,3,3
"1496",20,49,1,4,NA,4,6,5,4
"1497",20,52,1,4,1000,2,7,4,3
"1498",35,52,1,2,1000,5,7,3,3
"1499",10,39,2,4,NA,2,7,3,3
"1500",5,69,2,3,NA,3,5,3,3
"1501",20,51,1,4,NA,3,7,4,3
"1502",15,54,2,5,NA,2,6,2,3
"1503",5,27,1,6,NA,2,7,5,4
"1504",20,32,1,6,2000,3,6,2,NA
"1505",6,58,1,6,450,3,8,5,5
"1506",5,59,2,5,NA,3,7,5,4
"1507",5,49,2,5,250,4,7,5,3
"1508",10,41,1,5,500,3,7,5,3
"1509",10,55,2,5,NA,3,7,4,2
"1510",10,46,1,4,NA,4,8,6,4
"1511",10,50,2,4,NA,4,7,6,3
"1512",2,63,1,4,NA,5,3,2,2
"1513",5,49,1,4,NA,4,7,4,3
"1514",20,23,1,5,NA,2,5,4,2
"1515",15,64,1,3,300,4,5,2,2
"1516",5,65,1,5,NA,2,5,4,3
"1517",10,30,1,4,3000,2,5,4,4
"1518",10,48,1,4,NA,4,6,4,3
"1519",15,28,1,5,NA,2,6,2,3
"1520",20,45,1,5,NA,3,5,4,4
"1521",30,60,1,4,NA,2,4,3,3
"1522",5,32,2,4,300,2,6,3,4
"1523",10,39,1,4,1000,3,NA,5,5
"1524",10,55,1,2,NA,3,NA,NA,NA
"1525",20,41,1,3,500,2,6,4,5
"1526",15,59,1,4,NA,4,7,1,2
"1527",5,23,2,6,450,3,8,7,6
"1528",15,57,1,4,700,2,6,3,3
"1529",NA,73,1,3,NA,2,5,5,5
"1530",10,32,1,4,500,4,7,4,5
"1531",5,36,2,6,NA,4,5,3,3
"1532",20,49,1,6,500,3,6,3,6
"1533",20,54,1,4,1500,2,5,2,3
"1534",NA,37,1,5,NA,3,3,3,4
"1535",NA,30,1,6,NA,1,9,5,3
"1536",7,60,1,4,500,3,2,3,2
"1537",7,37,1,3,500,5,1,1,1
"1538",20,36,1,4,2000,3,6,6,6
"1539",NA,44,1,4,NA,3,NA,4,5
"1540",15,40,1,4,NA,1,9,6,6
"1541",25,43,1,2,NA,3,NA,2,3
"1542",20,38,2,2,1000,2,6,3,5
"1543",15,34,2,2,500,3,6,2,4
"1544",15,17,1,3,NA,2,7,5,5
"1545",20,32,1,5,NA,3,NA,4,4
"1546",15,42,1,3,NA,3,4,3,3
"1547",8,57,2,5,NA,3,7,2,3
"1548",10,38,2,5,3000,2,6,4,3
"1549",20,29,1,3,NA,2,7,3,3
"1550",20,21,1,3,3000,2,6,3,4
"1551",20,34,2,6,1000,2,7,2,3
"1552",20,81,2,2,500,2,6,1,2
"1553",12,36,1,4,1000,2,8,4,4
"1554",6,63,1,5,100,2,6,5,3
"1555",20,34,1,5,1000,2,6,3,4
"1556",20,33,2,3,1000,2,7,4,5
"1557",20,34,1,6,500,2,7,4,3
"1558",20,27,2,4,NA,5,5,2,2
"1559",30,32,1,3,1500,4,5,2,2
"1560",12,30,1,5,1500,2,8,8,5
"1561",10,40,1,4,2000,3,4,2,2
"1562",12,39,2,6,1000,3,7,5,3
"1563",8,45,2,6,1000,2,8,5,4
"1564",20,52,1,6,1000,3,8,6,5
"1565",12,69,2,6,NA,4,6,5,3
"1566",10,44,2,5,1500,2,8,4,6
"1567",8,45,1,6,1500,2,8,6,5
"1568",15,36,1,6,4500,3,7,4,4
"1569",20,47,1,5,1000,2,4,1,3
"1570",20,53,1,6,NA,5,4,1,2
"1571",10,46,1,4,1000,2,5,1,3
"1572",4,39,1,4,500,4,5,4,3
"1573",4,41,1,5,1000,2,4,4,3
"1574",4,45,1,3,1500,2,4,4,3
"1575",4,65,1,3,1000,2,4,4,4
"1576",15,29,1,4,1000,2,3,3,3
"1577",40,70,1,3,NA,2,5,1,3
"1578",40,40,2,4,1000,4,5,1,3
"1579",20,48,2,4,NA,3,5,1,3
"1580",20,49,1,2,NA,4,5,1,3
"1581",40,28,1,6,1000,2,5,1,3
"1582",5,76,1,1,NA,5,2,1,4
"1583",4,46,1,5,1000,2,5,4,4
"1584",20,64,1,4,NA,4,5,1,3
"1585",20,42,1,5,1000,4,3,1,3
"1586",20,66,1,4,NA,5,5,1,3
"1587",10,39,1,6,NA,2,6,5,5
"1588",9,26,1,4,NA,2,9,2,4
"1589",10,38,2,4,1500,2,6,6,6
"1590",20,42,1,3,500,4,7,3,3
"1591",10,38,2,4,NA,3,NA,2,2
"1592",10,20,1,3,1500,3,NA,3,3
"1593",8,34,2,4,1500,2,5,4,5
"1594",20,68,1,5,NA,4,9,5,5
"1595",10,75,2,4,NA,4,4,3,2
"1596",20,37,2,5,NA,4,8,5,5
"1597",20,44,1,3,NA,4,4,3,3
"1598",10,43,1,3,NA,5,7,4,4
"1599",4,17,2,3,NA,3,7,7,6
"1600",10,45,1,5,150,2,7,6,5
"1601",10,41,2,4,NA,2,7,4,3
"1602",10,51,1,4,NA,4,6,4,3
"1603",6,62,2,6,NA,1,NA,NA,NA
"1604",20,38,2,4,NA,5,NA,1,2
"1605",15,40,1,4,NA,5,NA,1,2
"1606",20,52,2,5,500,4,1,1,2
"1607",10,31,1,4,NA,3,6,3,4
"1608",15,45,1,2,500,3,6,4,3
"1609",20,39,1,6,1000,2,8,6,6
"1610",20,63,1,4,NA,3,7,5,5
"1611",20,68,1,4,NA,3,8,5,5
"1612",10,30,1,6,1500,2,7,7,6
"1613",6,43,1,3,1500,3,5,4,2
"1614",12,25,2,4,1000,4,3,1,3
"1615",20,37,1,4,NA,2,5,5,3
"1616",10,54,1,4,1500,4,5,3,2
"1617",7,35,2,6,1000,2,8,5,6
"1618",15,52,1,4,NA,2,4,3,3
"1619",10,54,1,4,NA,2,5,2,2
"1620",20,70,1,5,2000,2,7,5,5
"1621",20,57,1,4,NA,3,4,4,4
"1622",20,44,1,6,500,2,4,3,4
"1623",16,64,1,3,NA,2,3,3,3
"1624",12,55,1,2,NA,1,4,3,3
"1625",8,41,1,4,NA,5,6,2,2
"1626",10,33,1,5,NA,3,7,4,4
"1627",5,53,2,4,NA,3,8,4,3
"1628",20,40,1,6,NA,2,8,7,4
"1629",20,35,1,4,NA,2,8,6,5
"1630",60,36,1,1,NA,4,8,5,3
"1631",8,45,2,4,NA,4,7,4,3
"1632",20,45,1,5,1000,2,6,6,4
"1633",20,45,1,4,NA,3,6,5,4
"1634",20,34,1,4,NA,2,9,5,5
"1635",20,39,1,5,500,3,NA,NA,NA
"1636",5,62,2,4,NA,3,8,2,5
"1637",20,56,1,5,NA,2,7,6,4
"1638",20,56,1,6,NA,4,6,4,4
"1639",10,28,2,5,NA,4,8,6,4
"1640",15,45,1,5,1000,3,7,6,4
"1641",10,37,1,4,1000,2,8,6,4
"1642",15,35,1,4,500,2,8,6,4
"1643",20,60,1,4,1000,3,5,4,3
"1644",20,39,1,4,1000,4,6,4,4
"1645",20,68,1,4,NA,2,6,4,4
"1646",15,45,1,6,NA,2,8,6,5
"1647",15,58,1,2,NA,5,5,4,3
"1648",20,65,1,4,NA,1,5,3,1
"1649",5,43,2,5,1000,2,7,5,5
"1650",NA,32,2,3,500,2,6,4,5
"1651",10,41,2,6,1000,2,5,3,3
"1652",7,71,1,4,NA,5,7,1,5
"1653",20,44,1,6,1000,4,4,2,3
"1654",20,56,2,5,NA,2,7,3,5
"1655",20,76,2,4,NA,4,7,4,4
"1656",10,47,1,6,NA,2,5,2,4
"1657",NA,20,1,5,1500,3,7,5,7
"1658",15,25,1,5,NA,2,8,8,6
"1659",20,32,1,5,1500,2,8,8,6
"1660",20,57,1,6,500,2,8,8,6
"1661",20,25,1,5,2500,3,6,4,6
"1662",12,60,1,4,NA,3,6,1,3
"1663",10,35,2,5,1500,2,7,4,4
"1664",20,43,1,4,2000,5,8,2,2
"1665",35,70,2,2,2000,5,5,2,2
"1666",20,65,1,2,NA,5,NA,2,2
"1667",5,32,2,4,NA,2,7,5,4
"1668",10,49,1,4,NA,3,6,1,3
"1669",5,34,2,6,500,3,7,3,3
"1670",12,30,1,3,NA,3,7,2,2
"1671",20,49,1,2,NA,3,5,4,3
"1672",10,31,1,5,1500,4,7,5,4
"1673",20,47,1,4,NA,3,6,5,5
"1674",10,25,1,3,NA,2,7,6,6
"1675",20,35,1,4,NA,2,6,6,6
"1676",10,38,1,6,1500,2,9,8,7
"1677",20,39,1,5,1000,1,7,2,7
"1678",NA,36,1,4,NA,1,9,5,5
"1679",7,49,1,6,NA,1,5,4,3
"1680",3,60,1,5,500,2,5,3,1
"1681",20,46,1,4,500,2,6,4,4
"1682",13,56,1,4,NA,2,7,6,4
"1683",12,40,2,3,NA,2,5,4,6
"1684",10,43,2,5,NA,3,7,5,5
"1685",20,72,1,4,NA,3,7,3,3
"1686",15,49,1,4,NA,3,7,3,1
"1687",10,23,1,3,NA,4,7,5,3
"1688",10,32,1,1,NA,4,7,3,3
"1689",10,50,2,4,1000,3,5,2,2
"1690",NA,27,1,4,NA,5,3,1,1
"1691",7,67,1,5,NA,1,6,3,4
"1692",10,50,1,3,NA,2,7,2,2
"1693",10,51,1,5,500,2,7,1,3
"1694",7,61,2,6,NA,3,5,3,5
"1695",20,41,1,4,1000,4,6,4,3
"1696",6,24,2,5,1000,3,8,5,4
"1697",20,59,1,5,1000,5,5,4,2
"1698",4,64,1,6,1500,3,7,3,2
"1699",20,53,1,6,NA,2,3,3,3
"1700",15,33,1,6,1500,2,4,3,3
"1701",12,49,1,4,3000,2,5,5,5
"1702",7,30,1,3,3000,2,9,4,4
"1703",20,32,2,3,1000,2,8,5,5
"1704",4,47,1,4,500,1,4,5,6
"1705",13,36,1,5,1500,3,6,4,4
"1706",6,49,1,4,500,5,6,4,4
"1707",5,32,1,6,NA,3,5,3,2
"1708",20,62,1,5,NA,5,5,5,5
"1709",15,44,1,5,1600,3,4,4,3
"1710",10,83,1,3,NA,3,7,3,4
"1711",30,35,1,2,NA,2,9,4,5
"1712",20,36,1,4,1000,2,7,3,3
"1713",20,38,1,6,1500,3,8,4,6
"1714",10,27,2,5,NA,1,7,3,7
"1715",10,72,1,6,NA,3,8,4,5
"1716",5,37,2,3,NA,1,9,1,6
"1717",15,45,1,5,3000,2,8,4,5
"1718",20,32,1,5,2000,4,4,5,4
"1719",20,34,1,6,NA,2,4,3,3
"1720",15,37,1,6,NA,3,7,4,4
"1721",10,36,1,4,1500,3,7,4,4
"1722",10,34,1,4,1500,3,6,4,4
"1723",10,27,1,5,2000,2,6,7,7
"1724",20,34,1,3,1000,3,6,4,4
"1725",20,44,1,3,NA,2,8,6,4
"1726",15,67,1,6,NA,2,7,5,4
"1727",20,35,1,3,1000,1,3,4,5
"1728",NA,26,1,3,500,4,4,5,4
"1729",20,52,2,4,NA,4,6,5,3
"1730",20,56,1,2,NA,3,4,4,3
"1731",20,31,1,5,1000,2,4,5,2
"1732",20,63,1,5,1000,4,6,4,4
"1733",20,62,2,6,NA,3,7,4,4
"1734",20,40,1,6,NA,4,6,4,4
"1735",10,59,1,5,NA,2,8,7,5
"1736",20,44,1,4,1000,3,6,4,4
"1737",15,62,1,6,NA,2,7,5,5
"1738",12,52,2,5,500,3,9,5,4
"1739",10,30,2,6,NA,2,8,7,4
"1740",15,52,1,5,NA,4,5,3,3
"1741",20,62,2,5,NA,4,3,2,2
"1742",30,50,1,4,1000,2,4,3,3
"1743",10,55,1,4,NA,2,3,5,3
"1744",20,55,1,4,NA,2,3,3,3
"1745",20,68,1,5,NA,3,9,8,4
"1746",10,32,2,4,NA,2,5,5,6
"1747",5,33,2,4,3000,3,5,5,5
"1748",25,69,1,5,NA,3,8,4,4
"1749",10,28,1,5,NA,3,4,2,2
"1750",20,36,1,6,NA,3,6,5,3
"1751",40,53,1,2,500,4,5,3,3
"1752",NA,19,1,4,NA,4,5,6,6
"1753",15,31,2,3,3000,5,2,1,1
"1754",20,45,1,5,1000,1,6,5,4
"1755",20,38,1,5,2000,2,5,4,4
"1756",15,43,2,3,1000,4,7,3,4
"1757",20,22,1,5,500,2,8,5,4
"1758",5,35,1,5,NA,3,8,6,2
"1759",10,62,1,4,NA,3,NA,1,2
"1760",12,30,1,4,1000,2,7,6,4
"1761",10,45,1,3,1500,4,3,3,3
"1762",20,28,1,4,1000,2,5,4,5
"1763",6,28,1,3,NA,4,5,2,2
"1764",10,64,1,2,NA,3,6,2,2
"1765",10,54,1,5,NA,2,8,8,8
"1766",6,68,1,4,NA,4,5,2,2
"1767",NA,55,1,5,NA,1,NA,1,1
"1768",10,33,1,5,NA,3,7,5,5
"1769",NA,61,1,3,NA,1,9,9,9
"1770",NA,34,1,6,NA,1,9,9,9
"1771",10,31,1,6,NA,4,7,5,4
"1772",NA,46,1,4,500,5,5,1,1
"1773",3,45,2,2,NA,2,5,5,5
"1774",NA,22,1,5,NA,2,8,NA,NA
"1775",5,35,1,4,500,2,NA,NA,NA
"1776",NA,57,1,5,1000,2,7,5,4
"1777",20,36,1,5,2000,4,NA,3,3
"1778",20,42,1,3,500,2,6,4,6
"1779",15,49,1,5,1500,3,7,5,5
"1780",10,36,1,4,NA,5,3,3,3
"1781",6,39,1,5,200,2,8,6,3
"1782",15,34,2,5,500,1,7,5,3
"1783",20,27,1,4,NA,3,8,1,3
"1784",15,50,1,4,NA,4,7,1,3
"1785",10,44,2,3,NA,4,7,1,1
"1786",10,27,1,4,NA,2,7,1,2
"1787",20,47,1,4,NA,3,7,2,3
"1788",12,23,2,6,NA,3,6,7,7
"1789",7,39,1,5,NA,4,8,4,4
"1790",10,36,2,6,NA,3,6,4,3
"1791",20,55,1,4,NA,3,8,3,5
"1792",15,32,1,3,1000,2,8,3,5
"1793",12,43,1,4,NA,1,6,5,4
"1794",15,49,1,4,500,3,6,4,3
"1795",15,67,1,4,NA,2,7,4,4
"1796",10,49,2,5,NA,3,5,4,3
"1797",10,29,1,6,NA,2,6,5,3
"1798",10,39,2,3,NA,3,5,4,3
"1799",4,37,2,6,1000,2,7,7,7
"1800",6,59,2,6,NA,2,8,6,5
"1801",5,51,1,4,NA,3,NA,1,6
"1802",NA,20,1,4,NA,3,NA,NA,NA
"1803",20,61,1,6,NA,1,7,5,5
"1804",50,40,1,6,1500,2,8,5,5
"1805",20,36,2,4,NA,3,7,4,4
"1806",30,54,1,5,NA,3,5,3,3
"1807",18,70,2,5,NA,3,5,5,5
"1808",15,48,2,4,2000,3,5,4,4
"1809",20,30,1,4,3000,3,4,1,3
"1810",20,50,2,4,NA,2,4,2,2
"1811",20,39,2,3,750,4,7,5,4
"1812",10,31,1,4,1500,4,5,5,5
"1813",20,44,1,4,NA,4,1,1,1
"1814",NA,41,1,4,3000,3,8,1,1
"1815",15,44,1,5,NA,3,5,3,4
"1816",5,47,2,5,500,2,9,5,6
"1817",10,45,1,4,1000,2,7,4,4
"1818",10,56,2,5,NA,2,8,4,5
"1819",20,51,1,5,2000,4,8,4,5
"1820",15,49,1,3,1000,1,4,3,2
"1821",20,24,1,3,NA,1,3,3,2
"1822",20,28,1,4,2000,2,7,5,4
"1823",2,36,1,6,NA,2,9,8,4
"1824",6,55,2,6,NA,4,4,4,4
"1825",17,61,1,5,NA,3,5,5,5
"1826",15,35,2,6,NA,3,8,4,4
"1827",20,73,2,2,NA,2,7,4,4
"1828",15,46,2,4,NA,2,8,8,5
"1829",15,25,2,4,NA,2,9,7,4
"1830",10,46,2,5,NA,2,6,3,5
"1831",4,58,2,5,NA,4,5,4,3
"1832",10,62,1,2,NA,3,8,2,5
"1833",10,21,1,4,NA,1,7,5,6
"1834",20,42,1,3,NA,2,6,5,5
"1835",10,60,2,5,3000,2,7,5,4
"1836",1,17,1,3,NA,1,9,5,6
"1837",20,48,2,3,NA,5,8,4,3
"1838",15,43,1,6,NA,2,5,4,4
"1839",20,48,1,4,1500,3,5,3,3
"1840",10,31,1,4,NA,1,8,7,4
"1841",20,35,1,4,NA,2,6,6,4
"1842",4,63,1,4,NA,2,6,4,3
"1843",2,35,1,6,1500,2,6,5,5
"1844",NA,32,1,4,NA,3,5,6,4
"1845",10,33,1,6,3000,2,7,6,5
"1846",10,31,1,4,NA,3,6,4,5
"1847",15,55,1,4,3000,5,4,2,2
"1848",10,55,2,4,2000,5,2,2,2
"1849",20,39,1,3,1500,2,6,5,5
"1850",20,26,1,4,NA,3,NA,3,4
"1851",5,50,1,4,NA,3,6,5,4
"1852",7,57,2,4,1000,4,7,5,4
"1853",30,51,1,4,NA,3,7,5,5
"1854",12,42,1,4,1500,4,7,5,3
"1855",20,60,2,3,NA,2,5,2,3
"1856",10,63,2,5,NA,2,NA,3,5
"1857",15,45,2,3,1000,4,2,2,1
"1858",15,57,1,4,1000,4,1,1,1
"1859",13,42,1,5,NA,2,6,3,4
"1860",10,47,1,4,1500,4,5,5,5
"1861",15,28,1,5,1000,2,6,3,2
"1862",10,29,1,6,NA,1,7,5,5
"1863",15,36,1,6,NA,2,7,2,3
"1864",5,37,2,6,NA,2,6,3,4
"1865",NA,31,1,6,2000,4,8,6,3
"1866",15,59,1,5,1500,2,6,3,3
"1867",10,37,1,4,NA,3,7,2,3
"1868",8,49,2,6,NA,3,7,5,5
"1869",10,32,1,3,500,2,6,5,4
"1870",20,33,1,6,NA,2,8,5,5
"1871",NA,32,1,4,2000,3,5,3,4
"1872",3,33,1,6,300,2,6,3,4
"1873",15,54,1,4,NA,2,8,9,3
"1874",20,41,1,3,700,3,5,5,3
"1875",20,64,2,5,NA,2,5,NA,2
"1876",NA,30,2,5,500,2,7,NA,NA
"1877",20,35,1,5,NA,4,NA,3,3
"1878",20,37,2,6,500,2,6,5,5
"1879",10,48,2,4,1000,5,1,1,1
"1880",20,27,1,4,NA,3,6,4,4
"1881",10,47,1,6,1000,2,9,5,5
"1882",20,38,1,5,NA,2,8,3,3
"1883",7,40,2,4,1000,2,9,2,2
"1884",10,47,1,6,NA,2,8,4,6
"1885",10,39,2,6,NA,2,6,4,4
"1886",15,32,1,4,2000,4,5,5,6
"1887",20,58,1,4,NA,3,5,5,5
"1888",15,32,1,3,500,2,9,8,4
"1889",20,64,1,6,1000,3,6,6,4
"1890",30,46,2,4,NA,2,5,4,6
"1891",15,47,2,4,NA,4,6,4,4
"1892",16,60,1,6,NA,3,5,5,5
"1893",20,35,1,6,500,2,8,5,5
"1894",13,44,1,5,1500,4,4,3,3
"1895",20,51,1,4,4500,5,5,5,5
"1896",20,42,1,5,NA,5,8,5,4
"1897",10,51,2,4,NA,3,5,5,5
"1898",30,28,1,2,NA,2,7,4,3
"1899",5,16,1,3,NA,1,3,3,4
"1900",5,17,1,3,NA,3,6,5,6
"1901",20,19,1,3,5000,1,8,3,5
"1902",10,24,2,4,2000,2,4,3,3
"1903",20,43,2,4,NA,4,7,4,4
"1904",20,48,1,4,1500,2,4,3,3
"1905",20,50,1,4,NA,2,5,3,7
"1906",30,59,1,2,NA,1,6,5,5
"1907",10,47,1,4,NA,3,7,4,2
"1908",5,47,2,6,NA,2,6,6,4
"1909",20,45,2,4,NA,4,4,3,3
"1910",30,61,1,5,NA,4,6,1,2
"1911",20,45,1,4,NA,2,6,5,6
"1912",10,42,1,NA,NA,4,5,1,1
"1913",20,53,1,5,1000,5,3,2,2
"1914",10,39,1,NA,NA,4,5,1,NA
"1915",10,58,2,6,NA,2,7,3,2
"1916",20,59,1,6,1500,4,4,3,4
"1917",20,33,2,3,2000,4,5,5,5
"1918",20,60,1,2,1500,1,5,5,5
"1919",NA,29,1,4,NA,4,7,4,4
"1920",20,50,1,4,1000,2,4,4,4
"1921",10,41,1,5,500,1,9,4,4
"1922",20,38,1,6,NA,2,8,6,6
"1923",20,49,1,4,NA,4,5,4,4
"1924",15,28,1,6,1500,2,8,6,7
"1925",7,35,2,4,500,5,NA,NA,NA
"1926",20,34,1,3,1000,3,7,5,5
"1927",20,42,1,4,1500,3,5,5,5
"1928",12,59,1,2,NA,2,5,5,5
"1929",10,29,1,5,NA,3,7,5,4
"1930",10,45,1,4,NA,3,NA,NA,NA
"1931",20,51,1,5,NA,3,8,5,6
"1932",20,30,1,5,1000,2,4,5,5
"1933",NA,21,1,5,600,3,7,7,4
"1934",11,37,1,6,NA,2,6,4,5
"1935",30,36,1,3,NA,3,4,2,2
"1936",20,64,2,4,NA,4,NA,NA,NA
"1937",20,40,1,4,2000,3,7,3,3
"1938",20,52,2,4,1000,2,6,3,3
"1939",15,25,1,5,NA,2,5,3,2
"1940",15,28,2,3,NA,2,7,4,2
"1941",10,49,1,3,NA,3,1,1,1
"1942",1,18,2,3,1500,4,5,5,4
"1943",5,49,2,4,1000,2,6,6,4
"1944",10,46,2,6,NA,3,7,5,4
"1945",7,29,2,5,NA,2,7,6,6
"1946",15,38,1,4,3000,3,5,4,4
"1947",20,41,1,6,NA,3,6,3,6
"1948",20,57,2,6,3000,2,6,4,4
"1949",20,28,1,6,NA,3,5,3,3
"1950",6,26,1,5,NA,3,7,4,4
"1951",10,32,1,6,NA,3,7,4,6
"1952",10,38,1,5,1500,2,7,5,6
"1953",10,32,2,6,NA,3,7,6,3
"1954",16,34,1,4,300,4,5,5,3
"1955",10,43,1,4,NA,3,7,5,5
"1956",20,72,1,6,NA,4,6,8,6
"1957",20,50,1,3,NA,3,6,4,4
"1958",5,58,1,5,NA,3,NA,3,5
"1959",15,38,1,4,NA,2,7,3,3
"1960",20,34,1,5,1000,2,4,2,2
"1961",10,45,2,4,NA,3,7,5,3
"1962",10,22,1,5,NA,3,4,3,3
"1963",10,23,1,5,500,2,4,4,3
"1964",20,48,1,4,NA,3,5,1,2
"1965",15,47,1,6,NA,2,7,4,5
"1966",10,45,1,6,NA,2,5,2,3
"1967",10,71,1,4,NA,4,6,7,3
"1968",5,29,2,4,NA,4,6,7,3
"1969",5,67,1,2,NA,2,8,6,3
"1970",30,27,2,3,500,3,6,3,4
"1971",5,21,1,5,1000,2,6,4,4
"1972",6,62,1,4,NA,3,7,6,4
"1973",20,35,1,5,NA,2,7,5,4
"1974",20,33,1,4,500,2,8,4,3
"1975",10,34,2,5,NA,3,8,4,4
"1976",15,20,1,5,1500,1,8,7,6
"1977",15,44,1,6,NA,2,5,5,5
"1978",4,37,2,6,500,2,7,4,3
"1979",12,39,1,4,1000,3,7,4,3
"1980",20,37,1,6,3000,2,6,6,5
"1981",10,58,2,3,NA,2,6,7,6
"1982",10,58,1,6,NA,2,7,7,7
"1983",20,69,1,6,NA,5,3,3,3
"1984",5,36,1,6,NA,2,9,4,5
"1985",10,44,1,3,1500,2,5,5,5
"1986",15,41,1,3,1000,2,6,3,3
"1987",20,33,1,6,1500,3,7,5,5
"1988",20,33,2,5,NA,2,7,5,5
"1989",20,34,1,5,NA,2,6,5,5
"1990",20,41,1,3,NA,3,6,4,3
"1991",15,29,1,4,3000,2,7,7,5
"1992",10,50,2,4,NA,5,5,1,1
"1993",20,34,2,4,1500,3,5,5,2
"1994",20,33,1,4,NA,2,5,5,5
"1995",4,69,1,6,NA,1,9,4,4
"1996",10,40,2,4,1500,1,4,4,4
"1997",10,43,1,4,2000,2,4,2,3
"1998",15,25,1,5,NA,5,6,3,3
"1999",20,26,1,5,3000,2,5,6,4
"2000",20,44,1,5,1000,4,8,7,3
"2001",8,26,1,5,NA,2,9,8,6
"2002",20,66,1,4,NA,2,6,6,3
"2003",20,58,1,4,NA,3,3,2,2
"2004",20,37,1,6,NA,2,7,7,5
"2005",15,31,1,4,NA,2,8,5,3
"2006",NA,40,1,3,NA,3,NA,NA,NA
"2007",20,34,2,5,NA,2,5,5,5
"2008",20,62,1,2,NA,4,6,5,5
"2009",20,33,1,5,1000,2,7,3,3
"2010",10,33,1,4,NA,4,5,3,3
"2011",30,36,1,5,NA,2,NA,7,5
"2012",18,66,2,4,1500,3,7,5,3
"2013",10,61,2,4,NA,4,5,3,3
"2014",20,33,2,6,2000,3,6,4,4
"2015",20,24,1,4,3000,3,6,4,4
"2016",10,28,1,3,1000,3,8,1,4
"2017",20,41,1,4,1500,3,NA,NA,NA
"2018",10,72,1,3,NA,3,5,3,3
"2019",20,30,1,4,500,2,6,5,5
"2020",10,71,1,6,NA,3,6,5,5
"2021",5,20,2,5,500,4,5,4,5
"2022",5,22,2,6,300,2,5,4,4
"2023",20,44,2,5,NA,4,5,1,2
"2024",13,64,1,5,NA,3,5,3,3
"2025",15,45,2,4,NA,3,6,4,5
"2026",20,46,1,3,NA,3,4,4,4
"2027",20,48,1,3,NA,3,3,3,4
"2028",10,33,1,4,3000,4,5,2,4
"2029",10,57,1,5,1000,2,8,7,4
"2030",10,31,1,6,NA,5,7,2,5
"2031",NA,61,1,5,NA,2,6,5,4
"2032",20,47,1,4,1000,3,8,4,4
"2033",2,43,2,4,NA,3,7,6,4
"2034",20,31,1,4,1500,4,6,5,5
"2035",5,54,2,5,1500,3,6,5,5
"2036",20,35,1,5,1000,2,7,4,4
"2037",20,36,1,4,NA,2,6,4,4
"2038",8,27,2,5,500,1,6,5,6
"2039",20,36,1,5,1500,2,6,3,3
"2040",25,66,1,2,NA,2,7,5,5
"2041",15,23,2,3,NA,3,4,4,3
"2042",4,22,1,5,NA,2,8,7,4
"2043",15,60,1,6,500,2,9,8,6
"2044",10,46,2,4,1500,3,5,5,4
"2045",15,55,1,4,1500,2,6,2,2
"2046",20,34,2,6,NA,1,6,4,3
"2047",10,28,1,5,1000,3,7,6,2
"2048",10,35,1,3,NA,2,5,4,4
"2049",10,34,1,4,2000,2,7,5,4
"2050",16,48,2,6,950,4,7,2,2
"2051",7,43,2,4,NA,1,6,3,4
"2052",20,45,1,4,NA,3,5,2,3
"2053",12,31,1,5,3000,4,5,3,4
"2054",15,24,1,5,NA,2,7,5,4
"2055",20,46,1,4,NA,3,2,2,3
"2056",5,47,2,5,500,5,8,5,3
"2057",6,33,2,5,NA,1,5,5,6
"2058",15,36,1,6,NA,3,7,4,4
"2059",10,42,1,4,NA,1,2,2,2
"2060",20,20,1,5,NA,5,5,4,3
"2061",10,47,1,5,500,4,6,4,4
"2062",10,26,1,3,1000,4,5,5,5
"2063",5,25,2,5,300,2,3,2,2
"2064",3,33,1,4,500,2,7,3,2
"2065",20,57,1,4,500,4,3,2,2
"2066",10,34,2,3,NA,2,6,4,3
"2067",10,36,2,6,NA,4,6,6,6
"2068",20,36,1,4,1000,4,6,6,6
"2069",15,34,1,4,500,3,4,4,3
"2070",15,27,1,3,NA,2,8,8,2
"2071",20,30,1,3,NA,5,5,3,2
"2072",15,31,1,3,NA,3,3,2,2
"2073",5,32,1,6,3000,2,5,6,6
"2074",20,65,1,4,3000,3,5,3,3
"2075",20,36,1,4,2000,5,5,6,4
"2076",15,84,1,NA,NA,3,4,2,2
"2077",15,33,1,6,NA,2,7,3,4
"2078",10,28,1,5,1500,3,7,3,4
"2079",20,61,1,4,NA,2,5,4,3
"2080",15,48,1,4,500,2,5,2,3
"2081",20,51,1,4,NA,4,3,3,3
"2082",15,31,2,3,500,4,6,2,4
"2083",20,62,1,4,NA,4,4,2,2
"2084",20,68,2,4,NA,5,6,1,1
"2085",20,34,2,5,NA,2,7,NA,NA
"2086",20,32,1,6,NA,2,7,5,5
"2087",3,21,2,5,500,3,8,3,4
"2088",15,45,1,4,NA,4,5,4,4
"2089",15,65,1,3,1500,3,5,5,3
"2090",2,32,2,5,500,2,5,3,2
"2091",10,34,1,4,1000,2,4,2,2
"2092",10,33,1,6,500,2,8,8,6
"2093",15,36,1,4,600,3,8,5,7
"2094",8,25,1,5,1000,2,4,2,4
"2095",10,42,2,4,1000,2,6,7,5
"2096",15,46,1,4,NA,2,7,6,5
"2097",10,61,2,5,NA,5,8,6,4
"2098",15,57,1,6,NA,3,NA,NA,7
"2099",20,44,1,6,NA,2,7,5,5
"2100",10,45,2,4,NA,2,7,4,4
"2101",15,33,2,5,500,2,6,4,4
"2102",20,38,1,4,1000,2,6,4,4
"2103",20,34,1,4,500,2,6,4,4
"2104",20,37,2,4,500,3,5,4,3
"2105",15,40,2,4,500,3,5,3,3
"2106",15,38,2,4,500,2,6,4,3
"2107",15,45,2,3,500,2,8,4,3
"2108",13,32,2,4,NA,2,6,3,3
"2109",20,32,1,6,500,2,7,4,4
"2110",15,35,2,5,500,3,6,5,4
"2111",10,35,2,5,500,4,5,3,3
"2112",10,22,1,3,NA,2,7,5,5
"2113",6,37,2,3,NA,2,8,7,5
"2114",3,15,1,2,NA,2,6,5,4
"2115",20,31,1,5,1500,2,8,5,5
"2116",10,44,1,5,NA,3,7,3,5
"2117",20,63,1,4,1500,2,8,7,4
"2118",20,44,1,4,1000,2,9,8,5
"2119",15,35,1,3,NA,2,6,4,6
"2120",20,33,1,4,NA,2,6,4,4
"2121",20,31,1,5,500,2,4,3,4
"2122",5,75,1,4,NA,3,8,2,3
"2123",10,29,1,4,2000,1,7,5,4
"2124",20,31,1,5,1000,2,7,5,5
"2125",20,61,1,4,1500,2,8,5,5
"2126",20,41,2,3,500,2,8,8,6
"2127",20,44,1,4,1000,2,8,8,5
"2128",20,26,1,4,500,2,6,4,3
"2129",10,46,2,5,NA,2,7,6,4
"2130",20,53,1,5,500,4,8,7,7
"2131",20,40,1,4,NA,2,5,3,3
"2132",20,52,1,5,NA,2,4,5,5
"2133",10,33,1,5,1000,2,9,7,5
"2134",10,22,1,5,NA,2,9,7,5
"2135",10,36,1,6,NA,3,9,3,3
"2136",20,20,1,3,NA,4,NA,3,3
"2137",20,54,1,4,500,4,4,3,3
"2138",10,30,1,5,NA,4,3,3,3
"2139",10,65,1,4,NA,4,6,4,4
"2140",25,35,1,4,2000,3,7,5,6
"2141",10,23,2,6,NA,3,5,4,5
"2142",8,22,1,5,2000,3,6,6,5
"2143",10,26,2,6,NA,3,7,4,5
"2144",10,18,2,3,NA,4,3,2,2
"2145",10,23,1,5,1500,2,6,6,5
"2146",15,55,1,5,1000,4,7,2,2
"2147",7,52,2,4,NA,4,4,2,3
"2148",20,55,1,4,NA,5,5,3,3
"2149",10,20,1,5,2000,3,4,3,3
"2150",15,49,2,6,1500,3,9,5,3
"2151",20,64,1,6,1000,2,5,3,5
"2152",10,36,1,6,1000,5,4,3,3
"2153",10,58,1,6,NA,3,4,6,4
"2154",15,36,1,5,NA,3,7,4,5
"2155",8,38,1,5,450,3,7,6,4
"2156",10,70,1,6,1000,2,4,4,6
"2157",20,40,1,4,NA,2,6,4,4
"2158",10,58,1,4,NA,4,3,1,1
"2159",10,37,1,3,1500,2,8,5,3
"2160",20,32,2,4,1000,3,NA,5,3
"2161",20,47,1,4,1500,2,8,6,4
"2162",10,30,1,4,1500,4,4,3,3
"2163",30,68,1,4,NA,5,4,4,4
"2164",15,38,2,2,1500,5,5,2,1
"2165",10,30,1,4,NA,1,6,3,5
"2166",10,45,1,4,500,2,6,4,4
"2167",12,32,1,6,1000,2,6,4,5
"2168",15,52,2,5,NA,4,3,3,3
"2169",20,40,2,3,500,1,8,3,3
"2170",10,34,1,5,NA,2,8,8,5
"2171",5,41,2,2,500,4,5,5,5
"2172",10,31,1,NA,1500,2,8,5,4
"2173",40,65,1,2,NA,4,4,5,3
"2174",10,33,1,6,1000,1,4,4,4
"2175",40,36,1,3,NA,4,4,4,4
"2176",15,28,2,4,500,4,4,2,3
"2177",10,52,1,4,2000,2,2,2,4
"2178",10,56,2,6,NA,2,8,8,6
"2179",15,28,1,5,500,2,8,7,5
"2180",20,39,1,4,NA,2,9,9,5
"2181",10,43,1,4,NA,2,9,9,4
"2182",10,21,1,4,1000,1,5,6,4
"2183",30,31,1,6,1500,2,8,7,4
"2184",7,37,1,6,NA,2,9,5,5
"2185",10,31,1,6,1000,2,7,6,5
"2186",20,40,1,6,NA,2,6,5,5
"2187",10,34,2,3,1000,2,7,6,7
"2188",20,45,1,5,NA,2,5,3,3
"2189",40,67,2,4,NA,2,4,3,3
"2190",50,59,1,4,NA,2,4,3,3
"2191",15,57,2,4,NA,2,7,4,7
"2192",28,33,1,4,500,2,8,5,3
"2193",10,14,1,2,NA,3,9,7,6
"2194",20,43,2,3,NA,1,7,6,5
"2195",20,54,1,4,NA,2,6,4,5
"2196",10,26,1,3,NA,3,6,3,3
"2197",5,20,2,3,NA,5,5,4,4
"2198",7,71,2,6,NA,4,4,4,3
"2199",10,48,1,5,NA,4,5,4,3
"2200",20,64,1,4,NA,2,4,3,3
"2201",10,46,2,6,NA,2,4,4,4
"2202",20,62,1,6,1000,2,4,3,3
"2203",10,20,1,5,NA,1,4,3,3
"2204",20,57,2,6,NA,3,6,5,4
"2205",20,55,2,6,NA,4,1,1,2
"2206",10,68,1,5,NA,2,NA,4,3
"2207",20,36,2,6,500,2,5,5,3
"2208",20,42,1,4,2000,1,4,2,3
"2209",15,36,1,6,500,1,9,2,2
"2210",10,49,1,4,NA,4,5,4,1
"2211",20,40,2,6,NA,5,8,3,2
"2212",20,32,1,4,1000,2,7,4,5
"2213",15,42,1,4,NA,2,9,5,5
"2214",5,31,2,4,NA,2,7,5,5
"2215",6,41,1,4,NA,5,4,1,1
"2216",20,47,1,4,500,2,7,4,4
"2217",NA,25,2,5,NA,2,5,5,5
"2218",12,37,2,5,1000,3,7,5,5
"2219",10,39,1,4,1000,2,6,6,6
"2220",15,38,1,4,1000,1,9,3,2
"2221",20,31,1,3,NA,2,5,5,3
"2222",40,55,2,5,500,3,7,3,4
"2223",20,50,1,4,3000,4,7,2,1
"2224",15,29,1,6,1000,1,7,7,6
"2225",20,28,1,4,1500,4,NA,1,1
"2226",10,74,1,5,NA,2,6,4,4
"2227",15,61,1,4,NA,2,7,5,5
"2228",10,18,1,3,1500,2,7,6,6
"2229",7,24,2,4,NA,4,5,3,4
"2230",2,54,2,5,1000,4,8,2,2
"2231",10,56,1,4,2000,4,8,5,5
"2232",10,48,1,4,1000,3,6,3,3
"2233",20,33,1,3,NA,1,8,5,3
"2234",15,36,1,6,3000,3,5,1,3
"2235",20,61,1,4,NA,3,7,5,3
"2236",15,39,1,4,1500,3,4,2,2
"2237",10,32,1,4,1500,3,4,3,3
"2238",15,41,1,4,1500,4,5,3,3
"2239",20,34,1,5,1000,2,6,4,4
"2240",25,40,1,4,1000,3,6,4,3
"2241",12,35,1,3,2000,2,7,5,5
"2242",10,33,2,6,1500,2,6,3,4
"2243",20,36,1,3,2000,4,5,3,3
"2244",8,61,2,4,NA,4,9,3,5
"2245",12,19,1,5,2000,2,4,3,4
"2246",5,24,2,5,NA,2,7,5,5
"2247",12,31,1,4,1000,2,7,4,4
"2248",20,34,2,3,100,2,8,5,7
"2249",10,55,2,6,1000,1,9,5,5
"2250",12,30,1,5,1000,3,6,3,5
"2251",10,40,2,6,1000,4,8,5,2
"2252",10,39,1,5,1500,5,6,3,3
"2253",10,30,1,6,1000,3,7,3,3
"2254",8,32,2,4,1500,2,NA,3,NA
"2255",10,44,1,4,NA,2,6,5,4
"2256",5,37,2,4,NA,2,6,5,2
"2257",2,22,2,5,NA,1,4,4,4
"2258",10,29,2,5,NA,2,7,5,4
"2259",6,36,1,3,NA,2,5,5,5
"2260",20,36,1,4,1500,2,6,3,3
"2261",25,30,1,4,NA,2,3,4,3
"2262",20,58,1,6,1500,2,6,2,2
"2263",5,41,1,4,1000,4,7,4,4
"2264",10,45,2,4,1000,3,5,4,3
"2265",10,46,1,5,1000,5,8,2,2
"2266",25,23,1,5,1000,2,6,6,4
"2267",5,24,2,5,NA,3,6,8,4
"2268",7,47,2,2,NA,4,7,4,4
"2269",10,20,1,3,NA,2,NA,1,3
"2270",10,27,1,5,3000,2,5,5,6
"2271",20,63,1,5,3000,4,3,3,3
"2272",20,42,1,5,NA,1,5,3,5
"2273",10,29,2,6,NA,3,9,8,6
"2274",10,30,1,4,NA,4,7,6,3
"2275",20,58,1,NA,NA,4,9,2,5
"2276",20,28,1,3,NA,2,7,6,6
"2277",15,42,2,3,NA,3,9,1,4
"2278",15,41,1,3,NA,3,9,2,5
"2279",25,47,2,4,500,2,9,5,2
"2280",15,70,2,4,NA,5,7,1,4
"2281",5,49,1,3,NA,5,2,1,3
"2282",5,27,1,5,NA,2,8,6,6
"2283",20,43,1,4,1500,2,4,3,4
"2284",10,26,1,4,NA,3,5,4,3
"2285",6,27,1,4,500,3,6,7,6
"2286",15,59,1,6,NA,4,4,2,2
"2287",10,24,2,4,500,4,4,3,3
"2288",15,26,1,4,1500,3,4,3,4
"2289",10,45,1,4,NA,2,5,5,5
"2290",10,46,2,4,2000,2,9,2,1
"2291",20,45,1,4,3000,3,3,2,2
"2292",5,28,1,5,500,2,7,5,5
"2293",4,29,2,6,NA,3,6,4,4
"2294",20,43,1,5,1000,2,7,3,3
"2295",20,49,1,4,NA,4,3,1,1
"2296",20,46,1,4,NA,3,4,4,5
"2297",10,33,1,5,1000,3,7,4,4
"2298",10,28,1,5,NA,2,6,4,4
"2299",20,49,2,5,NA,2,7,4,4
"2300",20,53,2,4,NA,4,8,3,3
"2301",20,34,1,4,NA,2,6,3,3
"2302",10,29,2,6,NA,2,8,6,5
"2303",20,41,1,6,NA,2,7,3,2
"2304",10,28,2,3,1500,3,7,5,5
"2305",20,28,1,3,1500,3,8,8,6
"2306",20,24,1,3,NA,3,7,7,7
"2307",10,50,2,5,1000,3,7,4,4
"2308",20,54,1,4,NA,3,5,4,4
"2309",20,31,1,4,1000,3,7,4,4
"2310",30,42,1,6,1000,3,6,5,5
"2311",17,60,2,6,NA,2,7,7,4
"2312",6,24,2,6,NA,2,5,4,3
"2313",15,55,1,4,1000,2,3,3,2
"2314",20,32,1,4,1000,3,7,7,5
"2315",10,43,2,4,NA,2,9,9,6
"2316",10,42,2,5,NA,4,8,7,5
"2317",15,51,2,4,NA,4,8,4,4
"2318",20,73,2,3,NA,2,7,3,3
"2319",20,33,1,6,1500,2,7,5,5
"2320",15,19,1,4,NA,3,NA,NA,NA
"2321",20,49,1,5,NA,4,3,3,2
"2322",20,26,1,4,2000,3,4,4,2
"2323",15,52,1,5,NA,2,8,8,6
"2324",15,26,1,5,NA,2,8,8,6
"2325",10,24,1,5,1000,2,7,7,6
"2326",20,42,1,4,2000,4,2,3,4
"2327",15,35,1,5,1000,2,8,8,5
"2328",10,31,1,5,NA,2,5,3,5
"2329",8,44,1,3,NA,4,8,5,4
"2330",10,35,2,6,1000,2,5,5,6
"2331",20,41,1,5,1000,1,8,5,5
"2332",5,40,2,5,1500,4,9,7,3
"2333",2,35,2,6,2500,3,7,5,4
"2334",12,38,1,4,3000,3,6,4,5
"2335",20,33,1,4,NA,2,8,5,4
"2336",34,45,1,4,NA,2,9,6,5
"2337",7,52,2,5,NA,2,8,6,7
"2338",20,30,1,5,NA,2,5,3,3
"2339",15,37,2,4,1500,2,4,3,NA
"2340",10,41,1,6,NA,5,2,2,2
"2341",3,27,2,6,NA,1,7,6,5
"2342",7,50,2,6,NA,2,8,6,5
"2343",15,52,1,5,NA,4,6,5,5
"2344",60,31,1,4,NA,1,5,1,1
"2345",10,45,2,3,1500,5,8,2,2
"2346",10,49,2,4,NA,3,4,8,8
"2347",20,39,1,6,2000,2,4,4,4
"2348",10,44,1,4,NA,2,9,6,4
"2349",NA,57,2,5,NA,4,8,4,3
"2350",20,54,1,4,NA,3,8,4,3
"2351",24,34,1,4,1000,4,6,4,4
"2352",10,33,1,4,500,4,6,3,3
"2353",NA,45,2,4,NA,4,5,4,4
"2354",20,64,1,5,NA,2,9,4,4
"2355",20,45,2,6,NA,3,9,5,4
"2356",20,59,2,4,250,4,8,4,3
"2357",20,29,2,6,NA,1,6,4,6
"2358",3,37,2,6,NA,1,6,5,5
"2359",4,45,1,5,NA,1,9,5,6
"2360",10,34,2,5,200,3,8,4,7
"2361",10,30,1,4,NA,1,9,4,7
"2362",20,32,2,4,NA,NA,NA,NA,NA
"2363",20,29,1,4,1000,5,NA,NA,NA
"2364",12,43,2,6,NA,1,5,5,5
"2365",10,66,1,NA,NA,2,5,5,5
"2366",12,33,1,4,NA,1,5,7,7
"2367",7,39,2,4,NA,1,5,5,5
"2368",NA,49,2,5,NA,4,NA,NA,NA
"2369",NA,59,1,4,NA,3,NA,NA,NA
"2370",6,64,2,4,500,4,5,3,4
"2371",15,43,1,3,1000,4,3,3,2
"2372",3,38,1,4,NA,3,5,5,3
"2373",4,43,1,3,NA,3,6,6,4
"2374",3,37,2,4,500,3,5,4,3
"2375",10,40,2,5,6000,2,7,NA,6
"2376",10,74,2,2,NA,4,5,3,3
"2377",30,20,2,3,NA,1,9,1,2
"2378",30,20,1,4,NA,1,9,2,1
"2379",7,16,1,3,NA,1,9,2,4
"2380",15,31,2,5,NA,5,8,4,3
"2381",7,39,2,4,1000,4,7,3,3
"2382",15,44,1,3,2000,4,5,4,3
"2383",20,39,1,4,NA,3,4,4,4
"2384",7,37,1,4,NA,1,6,4,5
"2385",20,63,2,5,NA,3,9,5,4
"2386",20,36,1,6,NA,2,7,5,4
"2387",20,28,2,5,NA,4,5,NA,3
"2388",20,30,1,6,NA,2,5,1,3
"2389",2,41,2,6,500,2,7,6,6
"2390",5,70,2,4,NA,2,8,7,4
"2391",7,50,1,6,1500,4,6,4,3
"2392",20,57,1,4,NA,2,4,4,4
"2393",20,36,2,4,NA,2,5,2,3
"2394",20,39,1,3,NA,3,6,3,3
"2395",10,59,1,NA,NA,4,3,3,3
"2396",20,56,1,NA,1000,3,7,4,4
